100015,trawler,0.0314
100015,longliner,0.8306
100015,seiner,0.138
100045,trawler,0.9998
100045,seiner,0.0002
100060,trawler,0.051
100060,longliner,0.7303
100060,seiner,0.2182
100060,support,0.0005
100112,trawler,1.0
100131,trawler,0.9607
100131,longliner,0.0027
100131,other,0.0366
100150,longliner,0.9354
100150,seiner,0.0604
100150,support,0.0042
100151,trawler,0.0745
100151,longliner,0.0047
100151,seiner,0.0554
100151,support,0.8654
100215,trawler,0.1053
100215,longliner,0.5263
100215,seiner,0.3684
100221,trawler,1.0
100227,trawler,0.9994
100227,longliner,0.0003
100227,support,0.0003
100243,trawler,0.9554
100243,longliner,0.0025
100243,seiner,0.0421
100292,longliner,0.4348
100292,seiner,0.2395
100292,other,0.0805
100292,support,0.2452
100299,trawler,1.0
100332,trawler,0.997
100332,support,0.003
100371,trawler,0.8844
100371,longliner,0.0118
100371,seiner,0.1036
100371,other,0.0002
100384,trawler,1.0
100394,trawler,0.9412
100394,support,0.0588
100400,trawler,0.9995
100400,support,0.0005
100442,trawler,0.9994
100442,support,0.0006
100576,trawler,0.9887
100576,support,0.0113
100577,trawler,0.319
100577,longliner,0.3128
100577,seiner,0.2843
100577,support,0.084
100607,trawler,0.9996
100607,seiner,0.0004
100659,trawler,0.9998
100659,support,0.0002
100662,trawler,0.487
100662,longliner,0.4788
100662,seiner,0.0329
100662,other,0.0013
100679,trawler,0.0213
100679,seiner,0.9787
100799,trawler,0.0363
100799,seiner,0.9637
100809,trawler,0.0042
100809,seiner,0.9958
100838,trawler,0.1169
100838,longliner,0.0421
100838,seiner,0.148
100838,support,0.693
100842,longliner,0.5
100842,seiner,0.0435
100842,support,0.4565
100865,trawler,0.9988
100865,seiner,0.0012
100888,longliner,0.084
100888,seiner,0.8432
100888,other,0.0001
100888,support,0.0727
100898,trawler,1.0
100958,trawler,1.0
100976,longliner,0.0002
100976,seiner,0.9958
100976,support,0.004
101017,seiner,1.0
101018,trawler,0.0001
101018,longliner,0.9099
101018,seiner,0.0142
101018,support,0.0758
101033,trawler,0.9991
101033,seiner,0.0009
101064,trawler,1.0
101073,trawler,1.0
101089,longliner,0.0007
101089,seiner,0.0194
101089,support,0.9799
101097,trawler,0.0032
101097,seiner,0.9968
101149,trawler,0.8963
101149,longliner,0.1037
101216,trawler,0.2013
101216,longliner,0.4219
101216,seiner,0.3768
101282,longliner,0.2
101282,support,0.8
101304,trawler,0.8315
101304,longliner,0.0031
101304,seiner,0.0684
101304,other,0.097
101321,trawler,0.0005
101321,longliner,0.4194
101321,seiner,0.5801
101375,trawler,1.0
101387,trawler,1.0
101399,longliner,0.0321
101399,seiner,0.5827
101399,support,0.3852
101404,trawler,1.0
101411,trawler,0.9999
101411,support,0.0001
101414,longliner,0.0003
101414,seiner,0.1832
101414,other,0.0097
101414,support,0.8069
101415,trawler,1.0
101417,trawler,0.0069
101417,longliner,0.0364
101417,seiner,0.0142
101417,other,0.1058
101417,support,0.8367
101423,trawler,1.0
101445,trawler,0.97
101445,longliner,0.0297
101445,support,0.0003
101463,trawler,0.3025
101463,longliner,0.2541
101463,seiner,0.3668
101463,support,0.0766
101468,trawler,0.1882
101468,longliner,0.4791
101468,seiner,0.0182
101468,other,0.3144
101490,longliner,0.0354
101490,seiner,0.4651
101490,support,0.4995
101555,trawler,0.0044
101555,longliner,0.9954
101555,other,0.0002
101556,trawler,0.0079
101556,longliner,0.751
101556,seiner,0.2391
101556,support,0.002
101561,longliner,0.0016
101561,seiner,0.0777
101561,support,0.9207
101577,trawler,0.5254
101577,longliner,0.2637
101577,seiner,0.2109
101600,trawler,0.0007
101600,longliner,0.0034
101600,seiner,0.9921
101600,other,0.0037
101632,longliner,0.95
101632,seiner,0.004
101632,support,0.0461
101658,trawler,0.7891
101658,longliner,0.0003
101658,seiner,0.1449
101658,other,0.0001
101658,support,0.0656
101670,longliner,0.6202
101670,seiner,0.3795
101670,support,0.0003
101672,trawler,1.0
101689,trawler,0.978
101689,seiner,0.022
101765,longliner,0.3639
101765,seiner,0.0023
101765,support,0.6339
101769,trawler,1.0
101803,longliner,0.9994
101803,seiner,0.0006
101892,longliner,0.0795
101892,seiner,0.9205
101910,longliner,0.0007
101910,other,0.9993
101939,trawler,1.0
101960,trawler,0.0142
101960,longliner,0.0092
101960,seiner,0.928
101960,other,0.0486
101976,trawler,0.0542
101976,longliner,0.1867
101976,seiner,0.0843
101976,other,0.6747
101994,trawler,0.9941
101994,longliner,0.0047
101994,seiner,0.0012
102031,trawler,0.5217
102031,longliner,0.1478
102031,seiner,0.3304
102047,trawler,0.9999
102047,support,0.0001
102053,trawler,0.0086
102053,longliner,0.026
102053,seiner,0.249
102053,support,0.7164
102059,trawler,0.0004
102059,longliner,0.2781
102059,seiner,0.5538
102059,support,0.1677
102084,trawler,0.0359
102084,longliner,0.0352
102084,seiner,0.9289
102104,trawler,0.9995
102104,seiner,0.0005
102113,trawler,0.9761
102113,seiner,0.0239
102178,trawler,0.9977
102178,other,0.0023
102203,trawler,0.0005
102203,longliner,0.9844
102203,seiner,0.0144
102203,other,0.0006
102203,support,0.0001
102251,trawler,0.9998
102251,longliner,0.0002
102284,seiner,0.6389
102284,support,0.3611
102295,trawler,1.0
102311,trawler,1.0
102316,trawler,0.3786
102316,longliner,0.3901
102316,seiner,0.2313
102336,trawler,1.0
102340,longliner,0.3938
102340,other,0.6062
102341,trawler,0.0089
102341,longliner,0.9098
102341,seiner,0.0455
102341,other,0.0344
102341,support,0.0013
102355,trawler,0.9995
102355,support,0.0005
102361,trawler,0.0025
102361,longliner,0.0006
102361,seiner,0.9969
102371,trawler,1.0
102381,trawler,0.9834
102381,longliner,0.0163
102381,seiner,0.0003
102386,trawler,0.0219
102386,seiner,0.9781
102392,trawler,0.0009
102392,longliner,0.0007
102392,seiner,0.9984
102403,trawler,0.0004
102403,longliner,0.9996
102409,trawler,1.0
102432,trawler,0.9061
102432,seiner,0.0939
102485,longliner,0.0315
102485,other,0.9685
102503,trawler,0.9994
102503,longliner,0.0006
102511,trawler,0.16
102511,longliner,0.8098
102511,seiner,0.0055
102511,other,0.0247
102521,trawler,0.0111
102521,longliner,0.0846
102521,seiner,0.0089
102521,other,0.8953
102534,longliner,1.0
102538,trawler,1.0
102558,trawler,0.2749
102558,seiner,0.7251
102590,trawler,1.0
102685,trawler,1.0
102728,trawler,0.102
102728,longliner,0.0549
102728,seiner,0.8305
102728,support,0.0127
102753,trawler,1.0
102754,trawler,0.7074
102754,longliner,0.0074
102754,seiner,0.0001
102754,support,0.2852
102833,trawler,1.0
102870,longliner,0.013
102870,seiner,0.9832
102870,support,0.0038
102899,trawler,0.2483
102899,longliner,0.0188
102899,support,0.7329
102919,longliner,0.8168
102919,support,0.1832
102952,longliner,0.0784
102952,seiner,0.8207
102952,support,0.1008
103021,trawler,0.696
103021,longliner,0.3038
103021,support,0.0002
103058,longliner,0.0662
103058,seiner,0.0033
103058,support,0.9305
103114,longliner,0.0002
103114,seiner,0.0078
103114,support,0.992
103129,trawler,0.1861
103129,longliner,0.1764
103129,seiner,0.0257
103129,other,0.0224
103129,support,0.5894
103138,trawler,0.0042
103138,seiner,0.9958
103182,trawler,0.0001
103182,longliner,0.5701
103182,other,0.4299
103202,trawler,0.9999
103202,support,0.0001
103225,trawler,0.9973
103225,support,0.0027
103274,trawler,0.0434
103274,longliner,0.8154
103274,seiner,0.1413
103316,longliner,0.3671
103316,seiner,0.1171
103316,support,0.5158
103326,trawler,0.7596
103326,longliner,0.2298
103326,seiner,0.0106
103329,longliner,0.9561
103329,support,0.0439
103333,longliner,0.0616
103333,seiner,0.0081
103333,support,0.9303
103340,longliner,0.3537
103340,seiner,0.6393
103340,support,0.007
103389,trawler,0.0004
103389,longliner,0.9863
103389,seiner,0.0115
103389,other,0.0009
103389,support,0.0009
103392,trawler,0.9811
103392,seiner,0.0189
103445,trawler,0.9997
103445,support,0.0003
103507,trawler,0.8308
103507,longliner,0.1692
103527,trawler,1.0
103593,seiner,0.5624
103593,support,0.4376
103597,trawler,0.9997
103597,other,0.0003
103661,trawler,0.0021
103661,longliner,0.9676
103661,seiner,0.0303
103678,trawler,1.0
103680,longliner,0.6192
103680,support,0.3808
103689,trawler,0.9995
103689,longliner,0.0002
103689,other,0.0002
103689,support,0.0002
103696,trawler,0.4259
103696,longliner,0.0007
103696,seiner,0.3444
103696,other,0.2291
103719,trawler,0.9637
103719,longliner,0.0008
103719,seiner,0.0234
103719,support,0.0121
103736,trawler,0.871
103736,seiner,0.129
103808,trawler,0.0481
103808,seiner,0.9519
103811,trawler,0.0001
103811,longliner,0.9082
103811,support,0.0917
103820,trawler,0.0212
103820,longliner,0.9778
103820,seiner,0.0007
103820,support,0.0003
103834,trawler,1.0
103836,trawler,1.0
103856,trawler,1.0
103860,trawler,0.0946
103860,longliner,0.9038
103860,support,0.0016
103900,trawler,0.4873
103900,seiner,0.5127
103937,trawler,0.9318
103937,longliner,0.047
103937,seiner,0.0176
103937,other,0.0035
103939,trawler,0.1162
103939,longliner,0.0003
103939,seiner,0.0392
103939,support,0.8443
103973,trawler,0.3981
103973,longliner,0.0647
103973,seiner,0.5372
103980,other,0.5539
103980,support,0.4461
104003,trawler,0.814
104003,longliner,0.0326
104003,seiner,0.1535
104031,trawler,0.504
104031,seiner,0.4957
104031,support,0.0002
104043,trawler,0.004
104043,longliner,0.005
104043,seiner,0.8762
104043,support,0.1148
104051,longliner,0.183
104051,seiner,0.0129
104051,other,0.0022
104051,support,0.8019
104059,trawler,0.0019
104059,longliner,0.0116
104059,other,0.3276
104059,support,0.659
104064,trawler,0.6404
104064,other,0.0433
104064,support,0.3163
104084,trawler,0.9993
104084,longliner,0.0005
104084,support,0.0002
104195,trawler,1.0
104212,trawler,0.9991
104212,longliner,0.0009
104219,longliner,0.0066
104219,other,0.9908
104219,support,0.0026
104230,trawler,0.1575
104230,longliner,0.7663
104230,seiner,0.0762
104308,longliner,0.001
104308,other,0.999
104313,trawler,0.8907
104313,seiner,0.1088
104313,support,0.0005
104319,trawler,0.0001
104319,longliner,0.9999
104324,trawler,0.0872
104324,longliner,0.0644
104324,seiner,0.3353
104324,other,0.0253
104324,support,0.4878
104369,trawler,0.9999
104369,support,0.0001
104375,trawler,0.109
104375,longliner,0.6184
104375,seiner,0.2723
104375,support,0.0004
104393,trawler,0.9714
104393,longliner,0.0286
104408,trawler,0.1816
104408,longliner,0.016
104408,seiner,0.8024
104426,trawler,0.0142
104426,seiner,0.9854
104426,support,0.0005
104443,longliner,0.2093
104443,seiner,0.54
104443,other,0.0326
104443,support,0.2181
104463,trawler,0.9998
104463,support,0.0002
104489,trawler,1.0
104491,longliner,0.5602
104491,seiner,0.0209
104491,support,0.4188
104507,trawler,1.0
104597,trawler,0.493
104597,seiner,0.4207
104597,other,0.0863
104615,longliner,0.0007
104615,seiner,0.9949
104615,support,0.0044
104629,trawler,0.9988
104629,longliner,0.0007
104629,support,0.0005
104731,trawler,0.9648
104731,longliner,0.0015
104731,seiner,0.0336
104742,trawler,1.0
104751,support,1.0
104794,trawler,0.0097
104794,longliner,0.0001
104794,seiner,0.1282
104794,support,0.8621
104891,trawler,1.0
105005,trawler,0.0332
105005,seiner,0.9668
105007,trawler,1.0
105128,trawler,0.9923
105128,support,0.0077
105133,trawler,0.9223
105133,seiner,0.0775
105133,support,0.0002
105230,trawler,0.0927
105230,seiner,0.669
105230,support,0.2383
105242,trawler,0.9515
105242,other,0.0483
105242,support,0.0003
105267,trawler,1.0
105317,trawler,0.8426
105317,seiner,0.0556
105317,support,0.1019
105339,trawler,0.9893
105339,longliner,0.004
105339,seiner,0.0067
105344,trawler,0.9953
105344,longliner,0.0009
105344,seiner,0.0038
105354,trawler,0.0012
105354,longliner,0.0006
105354,seiner,0.9948
105354,other,0.0018
105354,support,0.0015
105464,trawler,0.0021
105464,seiner,0.9975
105464,other,0.0004
105470,trawler,0.9785
105470,seiner,0.0215
105486,trawler,0.0037
105486,longliner,0.0346
105486,other,0.3037
105486,support,0.658
105487,longliner,0.6185
105487,seiner,0.007
105487,support,0.3745
105498,seiner,0.2648
105498,support,0.7352
105544,trawler,0.9709
105544,other,0.0002
105544,support,0.0289
105554,longliner,0.6412
105554,seiner,0.178
105554,support,0.1809
105562,trawler,0.8691
105562,seiner,0.1309
105587,trawler,1.0
105611,trawler,0.8567
105611,longliner,0.068
105611,seiner,0.0747
105611,support,0.0007
105613,trawler,0.1573
105613,longliner,0.0006
105613,seiner,0.0884
105613,other,0.0002
105613,support,0.7536
105615,trawler,0.9997
105615,longliner,0.0001
105615,seiner,0.0001
105628,trawler,0.0913
105628,longliner,0.0337
105628,seiner,0.8749
105685,trawler,0.0632
105685,longliner,0.8246
105685,seiner,0.0979
105685,other,0.0142
105719,trawler,0.9164
105719,longliner,0.0331
105719,seiner,0.0395
105719,support,0.011
105728,trawler,0.8421
105728,longliner,0.1499
105728,seiner,0.008
105795,trawler,1.0
105833,trawler,0.2387
105833,seiner,0.7613
105836,trawler,0.3401
105836,longliner,0.5122
105836,seiner,0.0185
105836,other,0.0009
105836,support,0.1284
105844,trawler,0.3597
105844,longliner,0.0164
105844,seiner,0.6239
105883,trawler,0.9993
105883,support,0.0007
105900,trawler,0.1459
105900,seiner,0.8531
105900,support,0.001
105901,trawler,0.9593
105901,longliner,0.0256
105901,support,0.0151
105905,trawler,0.0118
105905,longliner,0.101
105905,seiner,0.8871
106012,trawler,0.5051
106012,longliner,0.0036
106012,seiner,0.4912
106089,trawler,1.0
106091,trawler,1.0
106096,trawler,1.0
106102,longliner,0.2763
106102,seiner,0.0159
106102,other,0.0102
106102,support,0.6977
106124,longliner,0.0005
106124,seiner,0.2594
106124,support,0.7401
106177,trawler,0.9745
106177,longliner,0.0019
106177,seiner,0.0237
106183,trawler,0.4255
106183,seiner,0.5089
106183,other,0.0655
106194,trawler,0.986
106194,other,0.014
106221,trawler,0.9997
106221,longliner,0.0001
106221,seiner,0.0001
106221,support,0.0001
106263,trawler,0.9886
106263,seiner,0.0114
106303,longliner,0.8779
106303,seiner,0.0132
106303,support,0.1089
106324,trawler,0.1564
106324,longliner,0.5126
106324,seiner,0.019
106324,other,0.3112
106324,support,0.0008
106336,trawler,0.9998
106336,support,0.0002
106377,trawler,0.0176
106377,longliner,0.9769
106377,seiner,0.0055
106433,trawler,0.0863
106433,longliner,0.8212
106433,seiner,0.0914
106433,support,0.001
106453,trawler,0.9798
106453,longliner,0.0002
106453,seiner,0.02
106465,trawler,0.0008
106465,longliner,0.0025
106465,seiner,0.9758
106465,other,0.0163
106465,support,0.0046
106467,trawler,0.1269
106467,longliner,0.0073
106467,seiner,0.6139
106467,support,0.2519
106491,longliner,0.9779
106491,seiner,0.0052
106491,support,0.0169
106500,trawler,0.8587
106500,seiner,0.1391
106500,support,0.0022
106511,longliner,0.0665
106511,seiner,0.6665
106511,support,0.267
106522,trawler,0.1369
106522,longliner,0.0038
106522,seiner,0.8593
106531,trawler,0.7385
106531,other,0.2469
106531,support,0.0146
106552,trawler,0.1242
106552,seiner,0.8758
106568,trawler,0.6611
106568,seiner,0.3389
106628,longliner,1.0
106655,trawler,0.0526
106655,longliner,0.9446
106655,seiner,0.0018
106655,support,0.0009
106672,trawler,0.0002
106672,longliner,0.2412
106672,seiner,0.0016
106672,support,0.757
106732,trawler,1.0
106742,trawler,1.0
106744,trawler,0.9966
106744,seiner,0.0034
106769,trawler,0.9999
106769,support,0.0001
106803,trawler,1.0
106857,trawler,0.2857
106857,seiner,0.4299
106857,support,0.2844
106858,trawler,0.9888
106858,support,0.0112
106859,trawler,0.0459
106859,longliner,0.1682
106859,seiner,0.7859
106890,trawler,0.9595
106890,longliner,0.0152
106890,seiner,0.0252
106890,support,0.0001
106906,trawler,0.9976
106906,seiner,0.0012
106906,support,0.0012
106945,longliner,0.3741
106945,seiner,0.1501
106945,support,0.4758
106959,trawler,1.0
106993,trawler,1.0
107028,longliner,0.9759
107028,support,0.0241
107040,trawler,1.0
107056,trawler,0.9714
107056,other,0.0286
107093,trawler,0.1479
107093,longliner,0.2569
107093,seiner,0.5951
107099,trawler,0.8843
107099,seiner,0.1157
107115,trawler,1.0
107185,trawler,0.8773
107185,longliner,0.0491
107185,seiner,0.0368
107185,other,0.0368
107188,trawler,0.1512
107188,longliner,0.0683
107188,seiner,0.7805
107190,trawler,1.0
107230,trawler,0.9302
107230,seiner,0.0698
107267,trawler,0.8189
107267,longliner,0.1215
107267,seiner,0.0596
107271,trawler,0.1506
107271,longliner,0.5344
107271,support,0.315
107273,trawler,0.9236
107273,longliner,0.0612
107273,seiner,0.0079
107273,other,0.0072
107276,longliner,0.9004
107276,other,0.0518
107276,support,0.0479
107279,longliner,0.64
107279,seiner,0.0004
107279,other,0.0011
107279,support,0.3585
107280,trawler,0.8474
107280,longliner,0.0684
107280,seiner,0.0193
107280,other,0.0526
107280,support,0.0123
107286,trawler,0.9995
107286,other,0.0002
107286,support,0.0004
107327,trawler,0.2469
107327,longliner,0.6745
107327,seiner,0.0786
107356,trawler,1.0
107397,trawler,0.3182
107397,longliner,0.0341
107397,other,0.0682
107397,support,0.5795
107399,trawler,0.9875
107399,seiner,0.0125
107437,longliner,0.2136
107437,seiner,0.0955
107437,other,0.2182
107437,support,0.4727
107497,longliner,0.5853
107497,seiner,0.172
107497,support,0.2426
107520,longliner,0.98
107520,support,0.02
107521,trawler,0.0318
107521,longliner,0.8528
107521,seiner,0.0133
107521,support,0.1021
107525,trawler,0.9936
107525,longliner,0.0003
107525,other,0.006
107537,trawler,0.0526
107537,longliner,0.0431
107537,seiner,0.9009
107537,other,0.0031
107537,support,0.0003
107550,trawler,0.0513
107550,longliner,0.0376
107550,seiner,0.9111
107561,seiner,0.7152
107561,support,0.2848
107644,trawler,1.0
107654,trawler,0.9627
107654,longliner,0.0291
107654,seiner,0.0082
107674,trawler,0.1762
107674,seiner,0.8238
107723,trawler,0.0008
107723,seiner,0.9992
107750,trawler,0.9988
107750,longliner,0.0012
107759,trawler,0.0202
107759,longliner,0.0022
107759,seiner,0.9777
107797,trawler,0.0105
107797,longliner,0.9848
107797,seiner,0.0047
107811,trawler,0.9993
107811,seiner,0.0007
107876,trawler,0.0743
107876,longliner,0.5
107876,seiner,0.2939
107876,support,0.1318
107906,trawler,0.9291
107906,other,0.0709
107961,trawler,0.0002
107961,longliner,0.9881
107961,seiner,0.0094
107961,support,0.0023
107969,trawler,0.0314
107969,longliner,0.159
107969,seiner,0.7376
107969,other,0.0007
107969,support,0.0713
107973,trawler,0.1552
107973,longliner,0.0151
107973,seiner,0.0553
107973,support,0.7744
107987,trawler,1.0
108034,trawler,0.9871
108034,longliner,0.0086
108034,seiner,0.0043
108047,trawler,0.8279
108047,longliner,0.1448
108047,seiner,0.0274
108088,trawler,0.838
108088,longliner,0.0239
108088,seiner,0.1381
108094,longliner,0.8042
108094,seiner,0.1502
108094,support,0.0456
108097,trawler,0.0665
108097,longliner,0.0039
108097,seiner,0.4255
108097,support,0.5042
108118,trawler,0.9603
108118,seiner,0.0397
108189,trawler,1.0
108202,trawler,0.0291
108202,longliner,0.9709
108246,trawler,0.7717
108246,longliner,0.0037
108246,other,0.2246
108275,trawler,1.0
108287,trawler,0.9836
108287,seiner,0.0127
108287,support,0.0037
108343,trawler,0.3949
108343,seiner,0.6051
108389,trawler,0.9699
108389,longliner,0.0006
108389,other,0.0295
108412,longliner,0.0784
108412,seiner,0.095
108412,support,0.8266
108417,trawler,0.9332
108417,longliner,0.0579
108417,seiner,0.0021
108417,other,0.0068
108464,trawler,0.9961
108464,longliner,0.0022
108464,other,0.0001
108464,support,0.0015
108498,trawler,0.9907
108498,longliner,0.0084
108498,seiner,0.0009
108521,trawler,0.0955
108521,other,0.9045
108536,trawler,0.5019
108536,longliner,0.4369
108536,seiner,0.058
108536,support,0.0033
108603,trawler,0.0724
108603,longliner,0.3947
108603,seiner,0.5329
108635,trawler,0.9363
108635,seiner,0.063
108635,other,0.0007
108656,longliner,0.0027
108656,seiner,0.8574
108656,support,0.1399
108705,trawler,0.3536
108705,longliner,0.0002
108705,seiner,0.6439
108705,support,0.0024
108706,longliner,0.0227
108706,other,0.9773
108729,trawler,0.9783
108729,seiner,0.0217
108750,trawler,0.6163
108750,seiner,0.3837
108773,trawler,0.6178
108773,seiner,0.3822
108864,trawler,1.0
108921,trawler,0.0441
108921,seiner,0.9553
108921,support,0.0007
108929,trawler,1.0
108976,trawler,0.5513
108976,longliner,0.4367
108976,seiner,0.0076
108976,support,0.0044
108999,trawler,0.9733
108999,longliner,0.0083
108999,seiner,0.0134
108999,support,0.005
109054,trawler,0.0087
109054,longliner,0.9778
109054,seiner,0.0135
109057,trawler,0.0159
109057,longliner,0.9206
109057,seiner,0.0263
109057,other,0.0093
109057,support,0.0279
109117,longliner,0.0083
109117,support,0.9917
109138,trawler,1.0
109139,trawler,0.0188
109139,longliner,0.9528
109139,seiner,0.0285
109148,trawler,0.7099
109148,longliner,0.2349
109148,seiner,0.0552
109165,longliner,0.9996
109165,support,0.0004
109190,trawler,1.0
109191,trawler,0.291
109191,longliner,0.2251
109191,seiner,0.4809
109191,other,0.0023
109191,support,0.0008
109253,trawler,0.6332
109253,longliner,0.3146
109253,seiner,0.0522
109281,trawler,0.0251
109281,longliner,0.1169
109281,seiner,0.857
109281,support,0.001
109307,trawler,0.8677
109307,longliner,0.0122
109307,seiner,0.1201
109329,trawler,0.2184
109329,longliner,0.6618
109329,support,0.1198
109368,longliner,0.0039
109368,seiner,0.8467
109368,other,0.087
109368,support,0.0624
109385,trawler,0.8089
109385,longliner,0.0001
109385,seiner,0.045
109385,other,0.146
109387,trawler,0.9316
109387,longliner,0.0062
109387,seiner,0.0156
109387,other,0.0465
109391,longliner,0.0935
109391,support,0.9065
109404,longliner,0.0109
109404,seiner,0.0014
109404,support,0.9877
109409,trawler,0.8778
109409,longliner,0.1085
109409,seiner,0.0073
109409,support,0.0064
109422,trawler,0.0002
109422,longliner,0.0062
109422,other,0.9934
109422,support,0.0002
109428,trawler,0.8969
109428,longliner,0.1031
109438,trawler,0.8815
109438,longliner,0.0807
109438,seiner,0.0378
109445,trawler,0.8758
109445,seiner,0.1242
109481,trawler,0.8783
109481,seiner,0.1217
109486,trawler,0.1183
109486,longliner,0.83
109486,seiner,0.0276
109486,support,0.0241
109523,trawler,0.0817
109523,longliner,0.8964
109523,seiner,0.0175
109523,support,0.0044
109626,trawler,0.6589
109626,other,0.3411
109641,trawler,0.036
109641,longliner,0.9332
109641,seiner,0.021
109641,support,0.0098
109710,trawler,0.9777
109710,seiner,0.0186
109710,support,0.0037
109743,longliner,0.0214
109743,seiner,0.2982
109743,support,0.6804
109761,trawler,0.9938
109761,support,0.0062
109795,trawler,0.8981
109795,longliner,0.0162
109795,seiner,0.0858
109867,trawler,1.0
109888,trawler,0.1572
109888,longliner,0.0327
109888,seiner,0.8089
109888,support,0.0012
109907,trawler,0.5
109907,longliner,0.4755
109907,support,0.0245
109930,seiner,0.9905
109930,other,0.0012
109930,support,0.0083
109948,trawler,0.9482
109948,longliner,0.0285
109948,seiner,0.0207
109948,support,0.0026
110012,trawler,1.0
110052,trawler,1.0
110071,trawler,0.9673
110071,longliner,0.028
110071,seiner,0.0047
110109,trawler,0.8834
110109,longliner,0.0895
110109,seiner,0.0148
110109,support,0.0123
110113,trawler,1.0
110123,longliner,0.0891
110123,seiner,0.2871
110123,other,0.1188
110123,support,0.505
110139,trawler,0.0262
110139,seiner,0.9688
110139,support,0.0051
110154,trawler,0.969
110154,longliner,0.0016
110154,seiner,0.0294
110240,trawler,0.8097
110240,seiner,0.1903
110274,trawler,0.0198
110274,longliner,0.7577
110274,seiner,0.0391
110274,support,0.1835
110300,trawler,1.0
110345,trawler,1.0
110348,trawler,0.9222
110348,longliner,0.0511
110348,seiner,0.0267
110363,trawler,0.3369
110363,seiner,0.6631
110455,trawler,0.9869
110455,seiner,0.0131
110457,longliner,0.8717
110457,other,0.0062
110457,support,0.1221
110508,trawler,0.9297
110508,longliner,0.0487
110508,seiner,0.021
110508,other,0.0006
110518,trawler,0.029
110518,longliner,0.2196
110518,seiner,0.2257
110518,other,0.0053
110518,support,0.5204
110521,trawler,0.9997
110521,longliner,0.0001
110521,support,0.0001
110523,trawler,1.0
110533,trawler,0.0018
110533,longliner,0.8628
110533,seiner,0.001
110533,other,0.0104
110533,support,0.124
110577,trawler,0.978
110577,longliner,0.0165
110577,seiner,0.0055
110598,trawler,0.1608
110598,longliner,0.0044
110598,seiner,0.1398
110598,other,0.0002
110598,support,0.6948
110603,trawler,0.7619
110603,longliner,0.0078
110603,seiner,0.23
110603,support,0.0003
110653,trawler,1.0
110654,trawler,0.152
110654,longliner,0.7748
110654,seiner,0.0037
110654,support,0.0695
110669,trawler,1.0
110729,trawler,0.9857
110729,longliner,0.0095
110729,support,0.0048
110734,trawler,0.0281
110734,longliner,0.8734
110734,seiner,0.0297
110734,other,0.0651
110734,support,0.0037
110748,trawler,0.9827
110748,longliner,0.0105
110748,seiner,0.0066
110748,other,0.0002
110795,trawler,0.9997
110795,longliner,0.0003
110803,longliner,0.0019
110803,seiner,0.7854
110803,support,0.2127
110823,trawler,0.8431
110823,longliner,0.1302
110823,seiner,0.0267
110850,trawler,0.0819
110850,longliner,0.7868
110850,seiner,0.1207
110850,other,0.0106
110926,trawler,1.0
110973,longliner,0.0477
110973,seiner,0.3892
110973,support,0.5631
110986,trawler,1.0
110992,support,1.0
111026,trawler,0.4013
111026,seiner,0.5987
111119,trawler,0.31
111119,longliner,0.2544
111119,seiner,0.1577
111119,other,0.0472
111119,support,0.2307
111181,trawler,0.0137
111181,longliner,0.0073
111181,seiner,0.0002
111181,other,0.0503
111181,support,0.9285
111182,trawler,0.8745
111182,longliner,0.1216
111182,seiner,0.002
111182,support,0.002
111209,trawler,0.1282
111209,longliner,0.7665
111209,seiner,0.0974
111209,other,0.008
111218,trawler,0.0784
111218,seiner,0.0423
111218,support,0.8793
111226,longliner,0.1484
111226,seiner,0.7038
111226,support,0.1478
111244,trawler,0.0728
111244,longliner,0.9262
111244,support,0.001
111303,trawler,0.7812
111303,seiner,0.2188
111306,trawler,0.0002
111306,longliner,0.4932
111306,seiner,0.0094
111306,support,0.4971
111321,trawler,0.0754
111321,longliner,0.9246
111466,trawler,0.3223
111466,longliner,0.6275
111466,seiner,0.0472
111466,other,0.003
111485,trawler,0.9279
111485,longliner,0.0161
111485,seiner,0.055
111485,other,0.0001
111485,support,0.0009
111487,trawler,0.8768
111487,seiner,0.1232
111493,longliner,0.0499
111493,seiner,0.7231
111493,support,0.227
111538,longliner,0.0252
111538,seiner,0.9127
111538,support,0.0621
111592,trawler,0.9983
111592,longliner,0.0006
111592,seiner,0.0011
111607,trawler,0.4814
111607,longliner,0.1408
111607,seiner,0.3676
111607,other,0.0095
111607,support,0.0007
111649,trawler,0.0001
111649,longliner,0.8002
111649,seiner,0.1997
111649,support,0.0001
111663,trawler,1.0
111716,trawler,1.0
111749,trawler,0.9959
111749,seiner,0.0041
111769,trawler,1.0
111771,trawler,0.3636
111771,longliner,0.5852
111771,seiner,0.0511
111810,trawler,0.7614
111810,longliner,0.0904
111810,seiner,0.1481
111868,trawler,0.8925
111868,seiner,0.1075
111949,longliner,0.0212
111949,seiner,0.8122
111949,support,0.1667
112000,trawler,0.8461
112000,seiner,0.0038
112000,support,0.15
112016,longliner,0.9985
112016,support,0.0015
112036,trawler,0.0463
112036,longliner,0.0156
112036,seiner,0.9283
112036,support,0.0098
112054,trawler,0.9815
112054,longliner,0.0006
112054,seiner,0.0179
112067,seiner,1.0
112078,trawler,0.851
112078,longliner,0.0688
112078,seiner,0.0796
112078,support,0.0006
112087,trawler,0.0731
112087,longliner,0.1044
112087,seiner,0.8225
112096,longliner,0.014
112096,seiner,0.6024
112096,support,0.3836
112098,trawler,1.0
112140,longliner,0.5719
112140,seiner,0.0178
112140,other,0.2973
112140,support,0.1131
112188,trawler,0.9999
112188,support,0.0001
112213,longliner,0.0256
112213,seiner,0.4861
112213,support,0.4883
112219,trawler,0.8335
112219,longliner,0.1419
112219,seiner,0.0222
112219,support,0.0023
112249,seiner,0.9181
112249,support,0.0819
112264,trawler,1.0
112270,trawler,0.92
112270,longliner,0.0025
112270,seiner,0.0002
112270,other,0.0774
112289,trawler,0.0362
112289,longliner,0.8822
112289,seiner,0.0404
112289,other,0.0412
112296,trawler,0.0006
112296,seiner,0.9965
112296,other,0.0029
112316,trawler,1.0
112328,trawler,0.9997
112328,support,0.0003
112390,trawler,0.9872
112390,seiner,0.0128
112498,trawler,0.0699
112498,longliner,0.9253
112498,seiner,0.0024
112498,support,0.0024
112501,trawler,1.0
112512,trawler,0.003
112512,longliner,0.997
112515,trawler,0.8643
112515,seiner,0.1357
112517,trawler,0.5483
112517,seiner,0.4155
112517,support,0.0362
112584,trawler,0.9974
112584,longliner,0.0014
112584,seiner,0.0012
112599,seiner,0.7495
112599,support,0.2505
112616,trawler,0.1138
112616,longliner,0.336
112616,seiner,0.4131
112616,other,0.1371
112627,trawler,0.9995
112627,seiner,0.0003
112627,support,0.0002
112670,trawler,0.9582
112670,longliner,0.032
112670,seiner,0.0098
112683,longliner,0.0257
112683,seiner,0.0036
112683,other,0.9574
112683,support,0.0133
112754,trawler,0.9993
112754,longliner,0.0005
112754,seiner,0.0001
112754,support,0.0001
112803,longliner,0.729
112803,seiner,0.2037
112803,support,0.0673
112810,trawler,0.9971
112810,longliner,0.0001
112810,seiner,0.0001
112810,support,0.0026
112837,seiner,0.9927
112837,support,0.0073
112871,seiner,0.997
112871,support,0.003
112879,trawler,1.0
112905,trawler,1.0
112915,trawler,1.0
112972,trawler,0.5409
112972,longliner,0.4313
112972,seiner,0.027
112972,support,0.0007
112982,trawler,1.0
113009,trawler,0.9998
113009,support,0.0002
113016,trawler,0.2006
113016,seiner,0.7994
113018,support,1.0
113021,trawler,0.9689
113021,longliner,0.0117
113021,seiner,0.0195
113036,longliner,0.7652
113036,seiner,0.0309
113036,other,0.0179
113036,support,0.186
113052,trawler,0.8692
113052,seiner,0.1308
113113,trawler,1.0
113122,trawler,0.0022
113122,longliner,0.0007
113122,seiner,0.9919
113122,other,0.0051
113124,longliner,0.0006
113124,seiner,0.9704
113124,other,0.0004
113124,support,0.0286
113149,longliner,0.2123
113149,seiner,0.4493
113149,support,0.3384
113156,trawler,0.8061
113156,other,0.1939
113204,trawler,1.0
113252,trawler,0.9351
113252,longliner,0.0006
113252,support,0.0643
113266,trawler,1.0
113281,longliner,0.1592
113281,seiner,0.2989
113281,other,0.0083
113281,support,0.5337
113289,longliner,0.8239
113289,support,0.1761
113291,trawler,0.2601
113291,seiner,0.7399
113330,trawler,0.6752
113330,seiner,0.3105
113330,support,0.0143
113368,longliner,0.9848
113368,seiner,0.0152
113388,trawler,0.9636
113388,longliner,0.0004
113388,seiner,0.0357
113388,support,0.0004
113389,longliner,0.9962
113389,support,0.0038
113392,trawler,0.6317
113392,longliner,0.0001
113392,seiner,0.3678
113392,support,0.0005
113413,trawler,0.2453
113413,longliner,0.0082
113413,other,0.7465
113450,trawler,0.9928
113450,seiner,0.0072
113471,trawler,0.9999
113471,longliner,0.0001
113471,seiner,0.0001
113503,trawler,0.6324
113503,longliner,0.024
113503,seiner,0.3437
113507,seiner,1.0
113509,trawler,1.0
113531,trawler,0.0617
113531,longliner,0.914
113531,other,0.0244
113536,trawler,0.9425
113536,longliner,0.0265
113536,seiner,0.0146
113536,other,0.0003
113536,support,0.0162
113581,trawler,0.1849
113581,longliner,0.1154
113581,seiner,0.6997
113636,trawler,0.6683
113636,seiner,0.3317
113664,trawler,0.9693
113664,longliner,0.0006
113664,seiner,0.0302
113712,trawler,0.9279
113712,seiner,0.0721
113731,trawler,0.9913
113731,longliner,0.0083
113731,seiner,0.0004
113752,longliner,0.0166
113752,seiner,0.2804
113752,support,0.703
113761,trawler,0.0001
113761,longliner,0.125
113761,seiner,0.1259
113761,support,0.749
113802,trawler,0.9957
113802,longliner,0.0034
113802,seiner,0.0008
113842,trawler,0.9688
113842,longliner,0.0093
113842,seiner,0.0218
113916,trawler,0.0243
113916,seiner,0.9757
113987,trawler,0.9459
113987,seiner,0.054
113987,support,0.0001
114011,trawler,1.0
114065,trawler,0.0804
114065,longliner,0.2813
114065,seiner,0.6383
114083,trawler,0.5501
114083,longliner,0.1769
114083,seiner,0.0454
114083,support,0.2276
114112,longliner,0.9674
114112,seiner,0.0029
114112,support,0.0297
114152,longliner,0.0253
114152,seiner,0.501
114152,support,0.4737
114244,trawler,0.1952
114244,longliner,0.7853
114244,seiner,0.0193
114244,other,0.0002
114335,trawler,0.9995
114335,support,0.0005
114351,trawler,0.9997
114351,seiner,0.0002
114351,support,0.0002
114368,trawler,1.0
114374,trawler,0.0475
114374,longliner,0.1298
114374,seiner,0.8198
114374,other,0.0019
114374,support,0.0009
114391,trawler,0.2295
114391,longliner,0.596
114391,seiner,0.1742
114391,support,0.0003
114412,trawler,0.0003
114412,longliner,0.9533
114412,seiner,0.0208
114412,support,0.0256
114433,trawler,0.0006
114433,longliner,0.0006
114433,seiner,0.9982
114433,other,0.0006
114456,trawler,0.9239
114456,longliner,0.0066
114456,seiner,0.0623
114456,support,0.0072
114466,trawler,0.3968
114466,longliner,0.2568
114466,seiner,0.002
114466,support,0.3444
114472,trawler,0.8934
114472,longliner,0.0025
114472,seiner,0.1041
114475,trawler,0.1101
114475,longliner,0.0025
114475,seiner,0.001
114475,support,0.8863
114492,trawler,0.0001
114492,longliner,0.1917
114492,other,0.0
114492,support,0.8082
114542,trawler,0.7674
114542,seiner,0.2211
114542,support,0.0115
114568,trawler,0.0688
114568,longliner,0.0008
114568,seiner,0.9239
114568,other,0.0065
114581,trawler,0.0
114581,longliner,0.0355
114581,seiner,0.9407
114581,support,0.0237
114749,trawler,0.1946
114749,longliner,0.2002
114749,seiner,0.015
114749,support,0.5902
114789,trawler,0.0257
114789,longliner,0.0198
114789,seiner,0.9527
114789,support,0.0019
114791,trawler,0.5514
114791,longliner,0.0006
114791,seiner,0.448
114841,trawler,0.9857
114841,other,0.0143
114844,trawler,0.9981
114844,seiner,0.0019
114929,trawler,0.7652
114929,longliner,0.0002
114929,seiner,0.2343
114929,support,0.0002
114973,trawler,0.0731
114973,longliner,0.0424
114973,seiner,0.884
114973,support,0.0004
115005,seiner,0.9903
115005,other,0.0006
115005,support,0.009
115010,trawler,0.1688
115010,longliner,0.2367
115010,seiner,0.5937
115010,support,0.0007
115018,trawler,0.9618
115018,longliner,0.0193
115018,seiner,0.0135
115018,support,0.0053
115039,trawler,0.8036
115039,longliner,0.1495
115039,seiner,0.0347
115039,support,0.0121
115052,trawler,0.015
115052,seiner,0.985
115053,seiner,0.9469
115053,support,0.0531
115085,longliner,0.0097
115085,seiner,0.2162
115085,support,0.7741
115112,trawler,0.9833
115112,longliner,0.0055
115112,support,0.0112
115122,trawler,0.2966
115122,longliner,0.0879
115122,seiner,0.6152
115122,support,0.0003
115133,longliner,0.0045
115133,seiner,0.9505
115133,support,0.045
115140,trawler,0.0003
115140,longliner,0.1163
115140,seiner,0.0093
115140,other,0.8375
115140,support,0.0366
115278,trawler,0.7592
115278,longliner,0.0016
115278,seiner,0.2393
115322,trawler,0.5062
115322,longliner,0.0835
115322,seiner,0.3374
115322,other,0.0149
115322,support,0.058
115341,trawler,0.7315
115341,seiner,0.2685
115351,trawler,1.0
115388,trawler,0.9149
115388,longliner,0.0397
115388,seiner,0.0454
115397,trawler,0.1354
115397,seiner,0.8646
115401,trawler,0.4035
115401,longliner,0.3839
115401,seiner,0.2122
115401,support,0.0003
115405,trawler,0.346
115405,longliner,0.6267
115405,seiner,0.0136
115405,support,0.0136
115440,trawler,0.0213
115440,seiner,0.9787
115465,trawler,1.0
115485,trawler,0.0208
115485,seiner,0.9792
115553,trawler,1.0
115555,trawler,0.7981
115555,longliner,0.0865
115555,seiner,0.0942
115555,other,0.0212
115558,longliner,0.0035
115558,seiner,0.938
115558,support,0.0585
115586,longliner,0.0037
115586,seiner,0.8869
115586,support,0.1093
115612,trawler,0.5692
115612,longliner,0.0385
115612,seiner,0.3923
115630,trawler,0.0034
115630,longliner,0.1596
115630,seiner,0.5693
115630,support,0.2677
115673,trawler,0.8788
115673,longliner,0.0061
115673,seiner,0.115
115689,trawler,1.0
115711,trawler,0.0665
115711,longliner,0.9332
115711,seiner,0.0003
115714,trawler,0.162
115714,longliner,0.0087
115714,seiner,0.8293
115731,trawler,0.634
115731,longliner,0.0534
115731,seiner,0.3121
115731,other,0.0005
115732,trawler,0.0008
115732,longliner,0.0008
115732,seiner,0.9979
115732,support,0.0004
115758,trawler,1.0
115787,trawler,0.079
115787,longliner,0.0045
115787,seiner,0.0348
115787,support,0.8818
115804,trawler,1.0
115852,trawler,0.8201
115852,longliner,0.0008
115852,seiner,0.1791
115947,longliner,0.4664
115947,seiner,0.0126
115947,support,0.521
115980,trawler,1.0
115991,longliner,1.0
116007,longliner,1.0
116016,trawler,0.0514
116016,seiner,0.9244
116016,support,0.0241
116055,trawler,0.8917
116055,seiner,0.1027
116055,support,0.0055
116083,trawler,0.9243
116083,longliner,0.0313
116083,seiner,0.0435
116083,support,0.0009
116090,trawler,0.7306
116090,longliner,0.1689
116090,seiner,0.1005
116122,trawler,1.0
116181,trawler,1.0
116214,seiner,0.7553
116214,support,0.2447
116228,trawler,0.0253
116228,seiner,0.9747
116339,trawler,1.0
116345,longliner,0.0402
116345,seiner,0.8826
116345,support,0.0772
116368,trawler,0.0003
116368,longliner,0.0003
116368,support,0.9993
116376,trawler,0.875
116376,longliner,0.0019
116376,other,0.1226
116376,support,0.0005
116441,trawler,0.2128
116441,longliner,0.6134
116441,seiner,0.1723
116441,support,0.0016
116458,seiner,0.9757
116458,support,0.0243
116620,trawler,0.2672
116620,longliner,0.207
116620,seiner,0.1317
116620,support,0.394
116625,trawler,0.0012
116625,seiner,0.9988
116630,longliner,0.9752
116630,seiner,0.0011
116630,other,0.0009
116630,support,0.0228
116647,trawler,0.0474
116647,seiner,0.9526
116651,trawler,0.0028
116651,longliner,0.0692
116651,other,0.6894
116651,support,0.2385
116654,trawler,0.0353
116654,seiner,0.9647
116683,longliner,0.0026
116683,seiner,0.1783
116683,support,0.8191
116704,trawler,1.0
116747,trawler,0.0521
116747,longliner,0.0221
116747,seiner,0.3618
116747,other,0.0002
116747,support,0.5637
116749,trawler,1.0
116776,trawler,0.037
116776,longliner,0.8281
116776,seiner,0.0652
116776,other,0.0223
116776,support,0.0475
116812,trawler,0.9713
116812,longliner,0.0074
116812,seiner,0.0213
116840,trawler,0.6834
116840,longliner,0.0312
116840,seiner,0.2854
116845,trawler,0.6614
116845,seiner,0.3386
116846,trawler,0.001
116846,seiner,0.999
116903,trawler,0.8249
116903,seiner,0.1751
116916,longliner,0.0058
116916,seiner,0.9364
116916,support,0.0578
116975,longliner,0.0007
116975,seiner,0.0498
116975,other,0.0008
116975,support,0.9488
117024,trawler,1.0
117036,longliner,0.0131
117036,seiner,0.9143
117036,support,0.0726
117067,trawler,1.0
117109,trawler,0.3691
117109,seiner,0.6309
117126,trawler,0.0048
117126,longliner,0.0012
117126,seiner,0.9941
117131,trawler,0.012
117131,longliner,0.9618
117131,seiner,0.0249
117131,support,0.0013
117197,trawler,0.9999
117197,support,0.0001
117203,trawler,0.0005
117203,longliner,0.4869
117203,seiner,0.0598
117203,support,0.4527
117204,trawler,0.9117
117204,longliner,0.0494
117204,seiner,0.039
117207,trawler,1.0
117219,trawler,0.3702
117219,longliner,0.6286
117219,seiner,0.0012
117282,trawler,0.1017
117282,longliner,0.8771
117282,seiner,0.0212
117288,trawler,1.0
117296,trawler,1.0
117302,trawler,0.0353
117302,longliner,0.8912
117302,seiner,0.0735
117338,trawler,0.9957
117338,seiner,0.0036
117338,support,0.0006
117400,trawler,0.8873
117400,seiner,0.1117
117400,support,0.001
117441,longliner,0.206
117441,seiner,0.5147
117441,support,0.2792
117445,trawler,1.0
117460,trawler,0.9671
117460,longliner,0.0329
117475,trawler,0.0043
117475,longliner,0.7636
117475,other,0.1182
117475,support,0.1139
117491,trawler,0.9125
117491,longliner,0.0638
117491,seiner,0.0024
117491,support,0.0213
117537,longliner,0.3895
117537,other,0.6105
117551,trawler,0.008
117551,longliner,0.9428
117551,seiner,0.0492
117556,longliner,0.0894
117556,seiner,0.5295
117556,support,0.3811
117623,trawler,0.2786
117623,longliner,0.1171
117623,seiner,0.6043
117632,seiner,0.2633
117632,support,0.7367
117662,trawler,1.0
117694,trawler,0.011
117694,longliner,0.9588
117694,seiner,0.0053
117694,other,0.0224
117694,support,0.0025
117697,longliner,0.5066
117697,seiner,0.0464
117697,support,0.4469
117745,trawler,0.1967
117745,longliner,0.0182
117745,seiner,0.7852
117757,trawler,0.8611
117757,longliner,0.0006
117757,seiner,0.1137
117757,other,0.0013
117757,support,0.0233
117770,longliner,0.1251
117770,seiner,0.3694
117770,support,0.5054
117780,trawler,0.7559
117780,seiner,0.2441
117787,trawler,0.1347
117787,longliner,0.1962
117787,seiner,0.6606
117787,support,0.0084
117810,longliner,0.3031
117810,seiner,0.0032
117810,support,0.6936
117814,trawler,0.0501
117814,longliner,0.0064
117814,seiner,0.9435
117819,trawler,0.0281
117819,longliner,0.0024
117819,seiner,0.0016
117819,support,0.9679
117832,trawler,0.0022
117832,longliner,0.7403
117832,other,0.2576
117869,trawler,0.9993
117869,seiner,0.0002
117869,other,0.0001
117869,support,0.0003
117879,trawler,0.041
117879,longliner,0.008
117879,seiner,0.3324
117879,other,0.0088
117879,support,0.6098
117886,trawler,0.1291
117886,longliner,0.2598
117886,seiner,0.0152
117886,support,0.596
117891,trawler,0.0206
117891,seiner,0.9789
117891,support,0.0005
117900,trawler,1.0
117950,trawler,0.7838
117950,longliner,0.0001
117950,seiner,0.0024
117950,support,0.2137
118040,trawler,1.0
118073,trawler,1.0
118107,trawler,0.0891
118107,longliner,0.906
118107,seiner,0.0046
118107,support,0.0004
118116,longliner,0.0051
118116,seiner,0.8205
118116,support,0.1744
118137,trawler,0.9625
118137,longliner,0.022
118137,seiner,0.0126
118137,support,0.0028
118144,trawler,0.0182
118144,longliner,0.9814
118144,support,0.0004
118191,trawler,0.0661
118191,longliner,0.1551
118191,seiner,0.0143
118191,other,0.0008
118191,support,0.7638
118234,trawler,1.0
118273,trawler,0.0019
118273,seiner,0.9981
118308,trawler,0.7857
118308,longliner,0.0506
118308,seiner,0.1636
118322,longliner,0.0289
118322,seiner,0.9599
118322,support,0.0113
118349,longliner,0.0006
118349,seiner,0.8874
118349,support,0.112
118383,trawler,0.0778
118383,seiner,0.6791
118383,support,0.2431
118425,longliner,0.9812
118425,seiner,0.0165
118425,support,0.0023
118447,trawler,0.0029
118447,seiner,0.0494
118447,other,0.0002
118447,support,0.9476
118503,trawler,0.9462
118503,longliner,0.0223
118503,seiner,0.0297
118503,support,0.0019
118507,trawler,0.0002
118507,longliner,0.7886
118507,other,0.2112
118508,longliner,0.003
118508,other,0.9968
118508,support,0.0001
118573,trawler,0.8252
118573,seiner,0.0233
118573,support,0.1515
118587,longliner,0.0033
118587,seiner,0.7691
118587,support,0.2276
118589,trawler,1.0
118610,longliner,0.1934
118610,seiner,0.4904
118610,other,0.0018
118610,support,0.3144
118649,trawler,0.9264
118649,longliner,0.0333
118649,seiner,0.0403
118700,trawler,0.543
118700,longliner,0.0924
118700,seiner,0.3646
118709,trawler,0.9822
118709,longliner,0.0119
118709,seiner,0.0036
118709,support,0.0024
118717,trawler,0.9554
118717,seiner,0.0446
118724,trawler,0.0156
118724,longliner,0.0016
118724,seiner,0.9818
118724,support,0.001
118754,longliner,0.0229
118754,seiner,0.0659
118754,support,0.9112
118758,trawler,0.0188
118758,longliner,0.9027
118758,seiner,0.078
118758,support,0.0005
118768,trawler,0.0838
118768,longliner,0.7405
118768,seiner,0.1661
118768,other,0.0096
118784,trawler,0.3997
118784,longliner,0.1012
118784,seiner,0.0087
118784,support,0.4904
118809,trawler,0.8069
118809,longliner,0.0009
118809,seiner,0.1921
118816,longliner,0.9977
118816,seiner,0.0
118816,support,0.0023
118824,trawler,0.1286
118824,longliner,0.302
118824,seiner,0.5679
118824,other,0.0014
118844,trawler,0.5785
118844,longliner,0.3621
118844,seiner,0.0595
118866,trawler,0.9937
118866,seiner,0.0052
118866,support,0.001
118885,trawler,0.5322
118885,seiner,0.4654
118885,other,0.0024
118903,trawler,0.9993
118903,support,0.0007
118935,trawler,0.7125
118935,longliner,0.0003
118935,seiner,0.2869
118935,other,0.0003
118984,trawler,0.4039
118984,longliner,0.5514
118984,seiner,0.0448
118985,trawler,1.0
118985,support,0.0
119043,trawler,1.0
119045,trawler,0.9291
119045,longliner,0.009
119045,seiner,0.0619
119051,trawler,0.1509
119051,longliner,0.1417
119051,seiner,0.1185
119051,support,0.5889
119072,trawler,0.652
119072,seiner,0.3135
119072,support,0.0344
119115,trawler,0.979
119115,longliner,0.0038
119115,seiner,0.0172
119226,trawler,0.4726
119226,seiner,0.5274
119233,trawler,0.1307
119233,longliner,0.3299
119233,seiner,0.5111
119233,support,0.0283
119244,longliner,0.0218
119244,seiner,0.4852
119244,support,0.493
119286,trawler,1.0
119295,trawler,0.9993
119295,support,0.0007
119345,trawler,0.7232
119345,longliner,0.0876
119345,seiner,0.0004
119345,support,0.1889
119358,trawler,0.5915
119358,longliner,0.125
119358,seiner,0.2835
119411,trawler,0.0104
119411,longliner,0.351
119411,seiner,0.6282
119411,support,0.0104
119485,trawler,0.929
119485,seiner,0.0702
119485,support,0.0008
119509,trawler,1.0
119564,longliner,0.0119
119564,seiner,0.8808
119564,support,0.1073
119590,trawler,0.0955
119590,longliner,0.8784
119590,seiner,0.0258
119590,support,0.0003
119676,trawler,1.0
119797,trawler,0.4448
119797,longliner,0.4807
119797,seiner,0.0049
119797,support,0.0697
119825,trawler,0.169
119825,longliner,0.2617
119825,seiner,0.5628
119825,other,0.0066
119874,longliner,0.094
119874,seiner,0.6802
119874,support,0.2259
119905,trawler,0.003
119905,longliner,0.0024
119905,seiner,0.9946
119907,trawler,0.6974
119907,seiner,0.0002
119907,support,0.3024
119981,trawler,0.1895
119981,longliner,0.0008
119981,seiner,0.1074
119981,other,0.0006
119981,support,0.7017
120039,longliner,0.022
120039,other,0.3077
120039,support,0.6703
120047,other,0.22
120047,support,0.78
120097,trawler,0.0013
120097,longliner,0.2534
120097,other,0.7451
120097,support,0.0002
120143,trawler,0.2712
120143,seiner,0.7288
120158,trawler,0.8058
120158,longliner,0.1309
120158,seiner,0.0633
120168,trawler,0.916
120168,longliner,0.084
120299,trawler,1.0
120305,trawler,0.4918
120305,longliner,0.3668
120305,seiner,0.1308
120305,support,0.0105
120317,trawler,1.0
120343,trawler,0.7807
120343,seiner,0.2189
120343,support,0.0004
120368,trawler,0.199
120368,longliner,0.5582
120368,seiner,0.2419
120368,other,0.0009
120373,trawler,0.3478
120373,longliner,0.5892
120373,seiner,0.0626
120373,support,0.0004
120448,trawler,1.0
120487,trawler,0.8374
120487,longliner,0.0092
120487,seiner,0.1531
120487,support,0.0003
120496,trawler,0.9646
120496,longliner,0.0074
120496,seiner,0.0011
120496,other,0.0268
120500,trawler,0.1753
120500,longliner,0.2392
120500,seiner,0.5844
120500,support,0.0011
120521,trawler,0.9292
120521,longliner,0.0641
120521,seiner,0.006
120521,support,0.0006
120526,longliner,0.0101
120526,seiner,0.904
120526,support,0.086
120537,seiner,0.4817
120537,support,0.5183
120564,trawler,0.0344
120564,longliner,0.9487
120564,seiner,0.0169
120572,trawler,0.0861
120572,longliner,0.2051
120572,seiner,0.1734
120572,other,0.0266
120572,support,0.5087
120576,longliner,0.9153
120576,support,0.0847
120691,longliner,0.7411
120691,seiner,0.071
120691,support,0.1879
120707,trawler,0.9999
120707,support,0.0001
120815,trawler,0.0885
120815,seiner,0.9115
120819,trawler,0.9917
120819,seiner,0.0083
120825,trawler,0.9969
120825,longliner,0.0
120825,support,0.0031
120842,trawler,0.9619
120842,other,0.0381
120855,longliner,0.0045
120855,seiner,0.2351
120855,support,0.7604
120858,longliner,0.0098
120858,seiner,0.5244
120858,support,0.4658
120879,trawler,0.9934
120879,longliner,0.0066
120921,trawler,0.9051
120921,longliner,0.0706
120921,seiner,0.0243
120946,trawler,0.5911
120946,seiner,0.4089
121030,trawler,0.1972
121030,longliner,0.0025
121030,seiner,0.4383
121030,other,0.0849
121030,support,0.2771
121054,trawler,1.0
121074,trawler,0.0204
121074,longliner,0.0046
121074,seiner,0.8606
121074,other,0.0199
121074,support,0.0945
121104,trawler,0.9315
121104,seiner,0.0685
121144,trawler,0.5107
121144,longliner,0.3175
121144,seiner,0.1718
121223,seiner,0.6191
121223,support,0.3809
121288,longliner,0.9429
121288,support,0.0571
121328,trawler,0.1223
121328,seiner,0.8764
121328,other,0.0013
121337,trawler,0.6913
121337,longliner,0.1138
121337,seiner,0.133
121337,support,0.0619
121358,trawler,0.9005
121358,seiner,0.0995
121396,longliner,0.2167
121396,seiner,0.0062
121396,other,0.0036
121396,support,0.7735
121465,trawler,0.0556
121465,seiner,0.9444
121466,trawler,0.001
121466,longliner,0.6898
121466,seiner,0.202
121466,support,0.1073
121488,trawler,1.0
121497,trawler,0.9997
121497,other,0.0003
121497,support,0.0001
121501,trawler,0.3461
121501,longliner,0.021
121501,seiner,0.0387
121501,support,0.5942
121564,trawler,0.6824
121564,longliner,0.0941
121564,seiner,0.2231
121564,support,0.0004
121577,trawler,1.0
121596,trawler,0.0047
121596,longliner,0.0548
121596,seiner,0.8524
121596,support,0.0881
121598,trawler,0.995
121598,seiner,0.0003
121598,support,0.0047
121677,trawler,1.0
121730,trawler,0.7774
121730,longliner,0.0858
121730,seiner,0.0246
121730,support,0.1122
121760,trawler,1.0
121831,trawler,0.9303
121831,longliner,0.01
121831,seiner,0.0473
121831,other,0.0125
121849,trawler,0.0137
121849,seiner,0.9761
121849,support,0.0103
121875,trawler,1.0
121881,trawler,0.6857
121881,seiner,0.3143
121885,trawler,0.0052
121885,seiner,0.4052
121885,other,0.0033
121885,support,0.5863
121936,trawler,0.9786
121936,longliner,0.0016
121936,seiner,0.0197
121946,trawler,0.3484
121946,longliner,0.3046
121946,other,0.0016
121946,support,0.3455
121966,trawler,1.0
122011,trawler,0.0017
122011,seiner,0.9976
122011,support,0.0007
122030,trawler,0.2455
122030,longliner,0.0303
122030,seiner,0.5977
122030,other,0.0065
122030,support,0.1201
122053,trawler,0.493
122053,longliner,0.1044
122053,seiner,0.4026
122067,trawler,0.0262
122067,longliner,0.9738
122162,trawler,0.9633
122162,seiner,0.0367
122168,trawler,0.0001
122168,other,0.9999
122169,trawler,0.0475
122169,seiner,0.9525
122180,longliner,0.0011
122180,other,0.9989
122191,trawler,0.715
122191,longliner,0.2169
122191,seiner,0.0681
122256,trawler,0.6946
122256,seiner,0.3053
122256,support,0.0001
122328,trawler,0.999
122328,longliner,0.001
122334,trawler,0.9986
122334,longliner,0.0003
122334,seiner,0.001
122338,trawler,0.9774
122338,seiner,0.0226
122350,trawler,0.9904
122350,other,0.0096
122356,trawler,1.0
122363,trawler,0.8555
122363,longliner,0.034
122363,seiner,0.11
122363,other,0.0005
122389,trawler,0.257
122389,longliner,0.3259
122389,seiner,0.3744
122389,other,0.0427
122420,trawler,0.0078
122420,longliner,0.9166
122420,seiner,0.0103
122420,other,0.0236
122420,support,0.0417
122423,longliner,0.004
122423,seiner,0.9309
122423,support,0.0651
122429,trawler,0.3467
122429,longliner,0.44
122429,seiner,0.1333
122429,support,0.08
122445,trawler,0.9096
122445,longliner,0.0728
122445,seiner,0.0167
122445,support,0.0008
122464,trawler,0.016
122464,longliner,0.8656
122464,seiner,0.0331
122464,other,0.0033
122464,support,0.082
122506,longliner,0.0029
122506,seiner,0.9476
122506,support,0.0495
122516,trawler,0.3471
122516,seiner,0.6529
122521,seiner,0.72
122521,other,0.28
122536,trawler,0.9745
122536,longliner,0.0126
122536,support,0.0129
122539,trawler,0.9798
122539,longliner,0.0154
122539,seiner,0.0047
122542,trawler,0.9831
122542,longliner,0.0169
122562,trawler,0.9854
122562,other,0.0146
122608,trawler,0.0844
122608,seiner,0.9156
122637,trawler,1.0
122648,trawler,0.0067
122648,longliner,0.8686
122648,other,0.0141
122648,support,0.1106
122699,trawler,0.805
122699,longliner,0.1336
122699,seiner,0.005
122699,support,0.0563
122703,longliner,0.6795
122703,seiner,0.0425
122703,other,0.0155
122703,support,0.2625
122708,trawler,0.0107
122708,seiner,0.2001
122708,support,0.7892
122712,trawler,0.9587
122712,seiner,0.0413
122745,trawler,1.0
122797,trawler,0.6549
122797,longliner,0.0462
122797,seiner,0.2989
122817,trawler,0.0012
122817,longliner,0.0051
122817,seiner,0.9895
122817,other,0.0019
122817,support,0.0023
122830,trawler,0.0541
122830,longliner,0.0279
122830,seiner,0.917
122830,support,0.0011
122888,trawler,0.0004
122888,longliner,0.0008
122888,seiner,0.9981
122888,other,0.0008
122917,longliner,0.0014
122917,seiner,0.0115
122917,support,0.9871
122931,longliner,0.0028
122931,seiner,0.4413
122931,support,0.556
122943,trawler,1.0
123022,trawler,0.0333
123022,longliner,0.0056
123022,seiner,0.9611
123033,trawler,1.0
123070,trawler,0.1484
123070,seiner,0.8516
123085,trawler,0.9065
123085,longliner,0.004
123085,seiner,0.0895
123112,trawler,0.9977
123112,seiner,0.0023
123132,trawler,0.9997
123132,longliner,0.0001
123132,support,0.0001
123136,trawler,0.9986
123136,longliner,0.0005
123136,seiner,0.0002
123136,other,0.0005
123136,support,0.0002
123233,longliner,0.128
123233,seiner,0.2017
123233,other,0.0771
123233,support,0.5932
123269,longliner,0.9963
123269,seiner,0.0011
123269,support,0.0026
123296,trawler,0.7984
123296,longliner,0.1112
123296,seiner,0.0904
123307,longliner,0.767
123307,seiner,0.0444
123307,support,0.1887
123310,trawler,0.8963
123310,seiner,0.1037
123318,trawler,0.985
123318,seiner,0.015
123335,trawler,0.931
123335,longliner,0.0628
123335,seiner,0.0038
123335,support,0.0024
123371,trawler,0.1763
123371,seiner,0.8237
123373,trawler,0.9821
123373,seiner,0.006
123373,support,0.0119
123433,trawler,0.7409
123433,longliner,0.2392
123433,seiner,0.0164
123433,support,0.0035
123443,trawler,0.601
123443,seiner,0.399
123444,trawler,1.0
123447,trawler,0.0006
123447,seiner,0.9994
123462,trawler,1.0
123485,longliner,0.0551
123485,seiner,0.9076
123485,other,0.0002
123485,support,0.037
123492,trawler,0.9077
123492,longliner,0.0015
123492,seiner,0.0903
123492,other,0.0002
123492,support,0.0003
123539,trawler,0.1106
123539,longliner,0.0095
123539,seiner,0.8726
123539,other,0.0069
123539,support,0.0004
123584,trawler,1.0
123668,trawler,0.0395
123668,longliner,0.959
123668,seiner,0.0015
123674,trawler,0.0559
123674,seiner,0.9441
123712,trawler,0.0022
123712,longliner,0.0171
123712,seiner,0.9389
123712,other,0.0015
123712,support,0.0404
123718,trawler,1.0
123719,trawler,0.9386
123719,seiner,0.0018
123719,other,0.0596
123746,trawler,1.0
123750,trawler,1.0
123755,trawler,0.91
123755,longliner,0.0004
123755,seiner,0.0851
123755,other,0.0045
123763,trawler,0.9871
123763,longliner,0.0129
123771,trawler,0.8824
123771,longliner,0.1176
123793,longliner,0.0115
123793,seiner,0.8599
123793,support,0.1285
123802,trawler,0.7848
123802,longliner,0.0003
123802,seiner,0.1737
123802,support,0.0412
123845,trawler,0.0004
123845,longliner,0.005
123845,seiner,0.9904
123845,other,0.0039
123845,support,0.0004
123921,trawler,0.8707
123921,seiner,0.127
123921,support,0.0023
123924,trawler,0.6279
123924,longliner,0.0015
123924,seiner,0.3706
123935,longliner,0.5783
123935,seiner,0.3585
123935,support,0.0633
123942,trawler,0.1338
123942,seiner,0.8645
123942,support,0.0017
123953,trawler,0.992
123953,longliner,0.0001
123953,other,0.0078
123953,support,0.0001
123961,trawler,0.1919
123961,longliner,0.0697
123961,seiner,0.0092
123961,support,0.7292
123963,trawler,0.9857
123963,support,0.0143
124008,trawler,0.9998
124008,support,0.0002
124018,longliner,1.0
124022,trawler,0.8547
124022,seiner,0.1453
124049,trawler,0.0043
124049,longliner,0.0035
124049,seiner,0.9922
124067,trawler,0.0285
124067,longliner,0.0725
124067,seiner,0.899
124135,trawler,0.2113
124135,seiner,0.7887
124176,trawler,0.0022
124176,longliner,0.1097
124176,seiner,0.0387
124176,other,0.0012
124176,support,0.8483
124192,trawler,0.6851
124192,longliner,0.3149
124199,trawler,0.0215
124199,longliner,0.0523
124199,seiner,0.9257
124199,support,0.0005
124203,longliner,0.0001
124203,seiner,0.91
124203,support,0.0899
124229,trawler,1.0
124262,trawler,0.0016
124262,longliner,0.0011
124262,seiner,0.9962
124262,other,0.0005
124262,support,0.0005
124383,trawler,0.9998
124383,seiner,0.0002
124431,seiner,0.3768
124431,support,0.6232
124479,trawler,0.0001
124479,longliner,0.011
124479,seiner,0.9235
124479,other,0.0003
124479,support,0.0651
124481,trawler,0.0149
124481,longliner,0.9804
124481,other,0.0002
124481,support,0.0045
124509,trawler,0.003
124509,longliner,0.9292
124509,seiner,0.0678
124514,trawler,0.0682
124514,seiner,0.9318
124524,trawler,0.9533
124524,longliner,0.0186
124524,seiner,0.0275
124524,other,0.0003
124524,support,0.0003
124538,seiner,1.0
124576,longliner,0.039
124576,seiner,0.5508
124576,support,0.4102
124656,trawler,0.3278
124656,longliner,0.3409
124656,seiner,0.2708
124656,other,0.0606
124687,longliner,1.0
124719,longliner,0.0036
124719,seiner,0.0024
124719,other,0.0318
124719,support,0.9622
124745,longliner,0.0002
124745,seiner,0.8827
124745,other,0.0003
124745,support,0.1169
124762,trawler,0.0116
124762,longliner,0.0006
124762,seiner,0.9874
124762,support,0.0003
124767,trawler,0.9918
124767,seiner,0.0069
124767,support,0.0014
124768,trawler,0.0059
124768,longliner,0.0118
124768,other,0.3432
124768,support,0.6391
124777,trawler,0.7508
124777,longliner,0.0041
124777,seiner,0.2451
124792,trawler,0.1491
124792,longliner,0.0521
124792,seiner,0.7959
124792,other,0.0029
124861,trawler,0.9675
124861,other,0.0325
124874,trawler,0.0004
124874,longliner,0.0004
124874,other,0.6311
124874,support,0.3681
124891,trawler,0.9989
124891,longliner,0.0002
124891,other,0.0006
124891,support,0.0003
124927,trawler,1.0
124968,trawler,0.8929
124968,other,0.1071
124994,trawler,0.8696
124994,seiner,0.1304
125017,trawler,0.9983
125017,support,0.0017
125109,trawler,1.0
125143,trawler,0.4758
125143,longliner,0.1982
125143,seiner,0.3255
125143,support,0.0005
125190,trawler,0.9299
125190,longliner,0.0006
125190,seiner,0.0693
125190,support,0.0002
125213,trawler,1.0
125246,trawler,0.03
125246,longliner,0.0053
125246,seiner,0.9647
125278,trawler,0.1079
125278,seiner,0.8921
125285,trawler,1.0
125292,longliner,0.6042
125292,seiner,0.019
125292,other,0.0019
125292,support,0.3749
125313,trawler,0.9046
125313,longliner,0.0008
125313,seiner,0.0907
125313,other,0.0036
125313,support,0.0002
125349,longliner,0.1657
125349,seiner,0.029
125349,other,0.0082
125349,support,0.7972
125350,trawler,0.9951
125350,longliner,0.0001
125350,seiner,0.0029
125350,support,0.0019
125381,trawler,0.7327
125381,seiner,0.2673
125422,trawler,0.1386
125422,longliner,0.8614
125428,longliner,0.8298
125428,seiner,0.0718
125428,other,0.0492
125428,support,0.0492
125438,trawler,0.3295
125438,seiner,0.6579
125438,support,0.0126
125448,trawler,0.9986
125448,support,0.0014
125472,trawler,0.7603
125472,longliner,0.2179
125472,seiner,0.0219
125607,trawler,1.0
125674,trawler,0.9599
125674,other,0.0025
125674,support,0.0376
125685,trawler,0.0004
125685,longliner,0.003
125685,other,0.9966
125808,trawler,0.0029
125808,longliner,0.9903
125808,seiner,0.0068
125833,trawler,0.0041
125833,longliner,0.0267
125833,seiner,0.8802
125833,other,0.089
125849,longliner,0.0213
125849,seiner,0.1821
125849,other,0.0005
125849,support,0.7961
125887,trawler,0.1492
125887,seiner,0.8508
125912,trawler,1.0
125966,trawler,0.9403
125966,longliner,0.0388
125966,seiner,0.0178
125966,support,0.0031
125970,trawler,1.0
125975,longliner,0.9795
125975,seiner,0.0205
126006,trawler,0.1263
126006,seiner,0.8737
126032,trawler,1.0
126093,trawler,0.7673
126093,seiner,0.2327
126098,trawler,1.0
126207,longliner,0.9998
126207,seiner,0.0001
126207,support,0.0001
126245,trawler,0.7283
126245,seiner,0.2717
126249,trawler,0.9474
126249,seiner,0.0526
126346,trawler,0.0128
126346,longliner,0.2817
126346,other,0.5752
126346,support,0.1303
126359,trawler,0.9907
126359,seiner,0.0058
126359,support,0.0035
126398,trawler,0.9806
126398,seiner,0.0129
126398,support,0.0065
126402,trawler,1.0
126434,trawler,0.0599
126434,seiner,0.9401
126474,trawler,0.1137
126474,longliner,0.1352
126474,seiner,0.7511
126519,longliner,0.0143
126519,support,0.9857
126602,trawler,0.9929
126602,longliner,0.0016
126602,seiner,0.0055
126659,trawler,0.1647
126659,longliner,0.6112
126659,seiner,0.1919
126659,other,0.0323
126686,trawler,1.0
126702,trawler,0.0176
126702,longliner,0.0107
126702,seiner,0.6743
126702,other,0.0133
126702,support,0.2841
126716,longliner,0.0024
126716,seiner,0.4201
126716,support,0.5775
126719,trawler,0.0826
126719,seiner,0.9174
126724,trawler,0.1683
126724,longliner,0.7008
126724,seiner,0.131
126730,trawler,1.0
126739,trawler,0.1056
126739,longliner,0.0415
126739,seiner,0.8187
126739,other,0.0341
126745,trawler,0.2083
126745,longliner,0.3591
126745,seiner,0.3244
126745,other,0.1081
126757,longliner,0.003
126757,seiner,0.0001
126757,other,0.9965
126757,support,0.0005
126778,trawler,0.0009
126778,longliner,0.0004
126778,seiner,0.996
126778,other,0.0013
126778,support,0.0013
126886,trawler,0.2536
126886,seiner,0.6543
126886,support,0.0921
126977,trawler,0.6894
126977,longliner,0.0377
126977,seiner,0.2729
127007,trawler,0.6842
127007,seiner,0.3158
127087,longliner,0.0001
127087,seiner,0.9431
127087,support,0.0568
127166,trawler,0.0021
127166,longliner,0.0007
127166,seiner,0.9944
127166,other,0.0028
127173,trawler,0.7074
127173,longliner,0.2189
127173,seiner,0.0675
127173,support,0.0061
127202,longliner,0.0029
127202,other,0.997
127202,support,0.0002
127211,trawler,0.0002
127211,longliner,0.9612
127211,support,0.0386
127246,trawler,0.928
127246,longliner,0.0386
127246,seiner,0.0329
127246,support,0.0005
127272,trawler,0.9998
127272,support,0.0002
127283,longliner,0.0097
127283,seiner,0.2751
127283,support,0.7152
127333,trawler,0.0001
127333,longliner,0.0254
127333,seiner,0.7778
127333,support,0.1967
127341,trawler,0.9986
127341,support,0.0014
127343,trawler,0.3785
127343,longliner,0.1091
127343,seiner,0.0057
127343,support,0.5067
127349,trawler,1.0
127428,trawler,0.2991
127428,longliner,0.3044
127428,seiner,0.0013
127428,support,0.3952
127441,trawler,0.0075
127441,longliner,0.0148
127441,seiner,0.7434
127441,other,0.0055
127441,support,0.2287
127471,longliner,0.9092
127471,seiner,0.0042
127471,support,0.0866
127507,trawler,0.9888
127507,longliner,0.001
127507,seiner,0.0102
127521,longliner,0.4433
127521,seiner,0.0071
127521,other,0.1312
127521,support,0.4184
127522,trawler,0.9218
127522,support,0.0782
127533,trawler,0.7857
127533,seiner,0.2143
127561,trawler,0.9102
127561,longliner,0.0885
127561,support,0.0013
127564,trawler,0.957
127564,longliner,0.0001
127564,seiner,0.0365
127564,support,0.0063
127569,longliner,1.0
127588,trawler,0.5524
127588,longliner,0.009
127588,seiner,0.4377
127588,other,0.001
127600,trawler,0.7298
127600,longliner,0.0364
127600,seiner,0.2338
127635,trawler,0.5081
127635,support,0.4919
127646,trawler,0.9306
127646,longliner,0.0002
127646,other,0.0692
127690,support,1.0
127711,trawler,0.9998
127711,support,0.0002
127741,trawler,0.6887
127741,longliner,0.0251
127741,seiner,0.0002
127741,support,0.286
127747,trawler,0.0843
127747,longliner,0.1302
127747,seiner,0.7855
127748,trawler,0.5675
127748,seiner,0.4314
127748,support,0.0011
127759,trawler,1.0
127783,trawler,0.9167
127783,longliner,0.0809
127783,other,0.0025
127801,trawler,0.001
127801,longliner,0.0069
127801,seiner,0.4512
127801,support,0.5409
127849,trawler,1.0
127851,trawler,0.6191
127851,longliner,0.1674
127851,seiner,0.2113
127851,other,0.0021
127869,trawler,0.0218
127869,longliner,0.0174
127869,seiner,0.9607
127869,support,0.0001
127881,trawler,0.8348
127881,longliner,0.0004
127881,seiner,0.1648
127912,trawler,0.45
127912,longliner,0.0358
127912,seiner,0.1167
127912,other,0.0059
127912,support,0.3915
127948,trawler,0.0863
127948,seiner,0.9137
127975,trawler,0.1693
127975,longliner,0.0533
127975,seiner,0.7666
127975,other,0.0108
127991,seiner,0.0166
127991,support,0.9834
128037,trawler,0.9991
128037,seiner,0.0009
128045,trawler,0.0136
128045,longliner,0.0352
128045,seiner,0.0146
128045,other,0.0004
128045,support,0.9361
128047,trawler,0.9297
128047,seiner,0.0703
128057,trawler,0.0029
128057,longliner,0.3524
128057,seiner,0.1957
128057,other,0.0023
128057,support,0.4468
128065,trawler,0.9081
128065,seiner,0.0919
128095,trawler,0.0088
128095,longliner,0.7748
128095,seiner,0.0104
128095,other,0.0008
128095,support,0.2051
128113,trawler,0.2574
128113,longliner,0.0349
128113,seiner,0.7076
128119,trawler,0.0676
128119,seiner,0.9324
128141,trawler,0.9961
128141,other,0.0036
128141,support,0.0003
128236,trawler,1.0
128246,trawler,1.0
128259,trawler,0.4383
128259,seiner,0.5617
128265,trawler,0.1031
128265,longliner,0.8515
128265,seiner,0.0421
128265,support,0.0033
128286,trawler,0.9125
128286,longliner,0.0122
128286,seiner,0.0708
128286,support,0.0045
128290,trawler,0.6629
128290,seiner,0.3368
128290,support,0.0004
128304,trawler,0.9141
128304,seiner,0.085
128304,support,0.0009
128348,trawler,0.0336
128348,seiner,0.9655
128348,support,0.0008
128389,longliner,0.0003
128389,support,0.9997
128424,longliner,0.0006
128424,seiner,0.9958
128424,other,0.0003
128424,support,0.0032
128437,trawler,0.5419
128437,seiner,0.0023
128437,support,0.4559
128450,longliner,0.025
128450,seiner,0.9116
128450,support,0.0635
128457,trawler,1.0
128459,trawler,0.3317
128459,longliner,0.2896
128459,seiner,0.297
128459,other,0.0817
128500,trawler,0.1498
128500,longliner,0.0169
128500,seiner,0.5845
128500,other,0.1014
128500,support,0.1473
128531,trawler,0.4537
128531,seiner,0.5461
128531,support,0.0002
128570,trawler,0.002
128570,longliner,0.7257
128570,other,0.2723
128712,trawler,0.7052
128712,longliner,0.0036
128712,seiner,0.29
128712,other,0.0009
128712,support,0.0003
128762,trawler,0.3144
128762,longliner,0.0415
128762,seiner,0.6412
128762,support,0.0029
128857,trawler,0.9714
128857,seiner,0.0286
128888,trawler,1.0
128997,trawler,0.5906
128997,longliner,0.1446
128997,seiner,0.2631
128997,other,0.0017
129002,trawler,1.0
129020,longliner,0.3245
129020,seiner,0.3083
129020,support,0.3672
129024,trawler,1.0
129042,trawler,0.2714
129042,longliner,0.2133
129042,seiner,0.5153
129051,trawler,0.9995
129051,seiner,0.0005
129052,trawler,0.9695
129052,seiner,0.0305
129054,trawler,1.0
129057,seiner,0.9938
129057,support,0.0062
129077,trawler,0.0405
129077,longliner,0.7477
129077,seiner,0.1069
129077,other,0.0363
129077,support,0.0686
129088,seiner,0.9995
129088,other,0.0005
129164,longliner,0.0019
129164,seiner,0.8422
129164,support,0.1559
129186,trawler,0.7017
129186,longliner,0.0027
129186,seiner,0.2956
129191,trawler,0.0054
129191,longliner,0.851
129191,support,0.1436
129227,trawler,0.0653
129227,longliner,0.9332
129227,seiner,0.0006
129227,other,0.0003
129227,support,0.0006
129359,trawler,0.4896
129359,longliner,0.2331
129359,seiner,0.0632
129359,other,0.0016
129359,support,0.2125
129365,longliner,0.0047
129365,seiner,0.014
129365,support,0.9814
129393,trawler,1.0
129397,longliner,0.1783
129397,seiner,0.0236
129397,support,0.7982
129402,trawler,0.6657
129402,longliner,0.2871
129402,seiner,0.0295
129402,other,0.0177
129409,trawler,0.8921
129409,longliner,0.0219
129409,seiner,0.0207
129409,other,0.0654
129439,longliner,0.5148
129439,seiner,0.0976
129439,other,0.0002
129439,support,0.3874
129467,trawler,0.5919
129467,longliner,0.3371
129467,seiner,0.0706
129467,support,0.0004
129486,trawler,1.0
129489,trawler,0.0438
129489,longliner,0.0002
129489,seiner,0.956
129503,trawler,0.0161
129503,longliner,0.9714
129503,seiner,0.0104
129503,support,0.0021
129516,seiner,0.5408
129516,support,0.4592
129519,trawler,0.7074
129519,longliner,0.0053
129519,seiner,0.2873
129594,trawler,0.0043
129594,longliner,0.7595
129594,seiner,0.005
129594,other,0.0011
129594,support,0.2301
129596,trawler,0.9969
129596,longliner,0.0028
129596,support,0.0003
129597,longliner,0.0033
129597,seiner,0.011
129597,other,0.0279
129597,support,0.9578
129664,trawler,0.0115
129664,seiner,0.9885
129673,trawler,0.2098
129673,longliner,0.283
129673,seiner,0.5072
129678,longliner,0.9543
129678,seiner,0.0205
129678,support,0.0252
129696,trawler,0.8505
129696,longliner,0.038
129696,seiner,0.0917
129696,support,0.0198
129712,trawler,0.305
129712,longliner,0.0086
129712,seiner,0.5382
129712,other,0.0019
129712,support,0.1463
129715,trawler,0.2262
129715,longliner,0.0834
129715,seiner,0.0247
129715,support,0.6657
129749,trawler,0.1834
129749,longliner,0.0174
129749,seiner,0.097
129749,support,0.7023
129797,support,1.0
129817,trawler,1.0
129831,trawler,0.0559
129831,longliner,0.8709
129831,seiner,0.009
129831,support,0.0642
129845,trawler,0.9944
129845,seiner,0.0056
129859,trawler,0.3877
129859,longliner,0.554
129859,support,0.0583
129875,trawler,0.9911
129875,seiner,0.0089
129923,trawler,0.1982
129923,longliner,0.6216
129923,support,0.1802
129929,trawler,0.9617
129929,longliner,0.0208
129929,seiner,0.0175
129941,trawler,0.946
129941,seiner,0.054
129950,trawler,0.9997
129950,seiner,0.0002
129950,other,0.0001
129992,longliner,0.0003
129992,seiner,0.9911
129992,other,0.0086
130024,trawler,0.9976
130024,seiner,0.0024
130056,trawler,0.8899
130056,longliner,0.0289
130056,seiner,0.0458
130056,support,0.0354
130073,trawler,0.7307
130073,longliner,0.2572
130073,seiner,0.0104
130073,support,0.0017
130108,trawler,0.9747
130108,seiner,0.0253
130182,trawler,0.9992
130182,seiner,0.0001
130182,other,0.0008
130215,support,1.0
130217,trawler,0.9001
130217,seiner,0.0999
130271,trawler,0.9998
130271,seiner,0.0002
130291,longliner,0.0047
130291,seiner,0.8981
130291,support,0.0971
130314,trawler,0.0008
130314,seiner,0.9936
130314,other,0.0004
130314,support,0.0051
130339,trawler,0.0005
130339,longliner,0.0015
130339,seiner,0.998
130380,trawler,0.2714
130380,longliner,0.2583
130380,seiner,0.1065
130380,support,0.3638
130402,trawler,1.0
130481,longliner,0.1309
130481,seiner,0.6627
130481,support,0.2064
130492,trawler,0.0018
130492,longliner,0.0171
130492,seiner,0.0805
130492,other,0.0096
130492,support,0.891
130528,trawler,0.1582
130528,longliner,0.1257
130528,seiner,0.716
130538,trawler,0.1572
130538,longliner,0.0178
130538,seiner,0.8239
130538,support,0.0011
130540,trawler,0.0581
130540,longliner,0.0001
130540,seiner,0.0758
130540,other,0.0066
130540,support,0.8594
130547,trawler,0.2868
130547,longliner,0.1523
130547,seiner,0.5556
130547,other,0.0053
130604,trawler,0.7288
130604,longliner,0.011
130604,seiner,0.2601
130605,trawler,0.9994
130605,support,0.0006
130619,trawler,0.0614
130619,longliner,0.8392
130619,seiner,0.0994
130666,trawler,0.0278
130666,longliner,0.0042
130666,seiner,0.968
130673,trawler,0.1033
130673,longliner,0.3479
130673,seiner,0.0237
130673,support,0.5251
130698,trawler,0.0878
130698,longliner,0.0171
130698,seiner,0.8951
130716,longliner,0.0327
130716,seiner,0.01
130716,other,0.0119
130716,support,0.9453
130758,trawler,0.0046
130758,longliner,0.0032
130758,seiner,0.9909
130758,other,0.0005
130758,support,0.0009
130765,trawler,0.2166
130765,longliner,0.2489
130765,seiner,0.5138
130765,other,0.0191
130765,support,0.0016
130818,trawler,0.9996
130818,longliner,0.0004
130837,trawler,0.0009
130837,longliner,0.1839
130837,other,0.8146
130837,support,0.0006
130842,longliner,0.1474
130842,seiner,0.0408
130842,support,0.8118
130861,longliner,0.9624
130861,support,0.0376
130904,trawler,0.0105
130904,other,0.0758
130904,support,0.9137
130911,trawler,0.1655
130911,seiner,0.8342
130911,support,0.0003
130961,trawler,0.0679
130961,longliner,0.0038
130961,seiner,0.924
130961,other,0.0043
131046,trawler,0.8965
131046,longliner,0.0502
131046,seiner,0.0523
131046,support,0.0011
131057,trawler,0.8817
131057,seiner,0.1165
131057,other,0.0009
131057,support,0.0009
131132,trawler,0.9999
131132,other,0.0001
131147,trawler,1.0
131201,trawler,0.1027
131201,longliner,0.0004
131201,seiner,0.8969
131218,longliner,0.979
131218,seiner,0.0094
131218,support,0.0116
131236,trawler,0.7533
131236,longliner,0.2467
131245,trawler,0.9998
131245,seiner,0.0002
131269,trawler,0.1292
131269,seiner,0.8704
131269,support,0.0004
131288,trawler,0.9998
131288,seiner,0.0002
131290,trawler,0.4534
131290,longliner,0.0424
131290,other,0.5042
131336,trawler,0.5798
131336,longliner,0.0553
131336,seiner,0.3646
131336,support,0.0003
131341,trawler,0.0445
131341,longliner,0.0068
131341,other,0.9486
131379,trawler,0.0531
131379,longliner,0.9339
131379,support,0.013
131434,trawler,0.7793
131434,longliner,0.1517
131434,seiner,0.0575
131434,support,0.0115
131495,trawler,0.9952
131495,seiner,0.0048
131498,trawler,0.225
131498,seiner,0.775
131503,trawler,0.058
131503,longliner,0.942
131535,trawler,1.0
131544,trawler,1.0
131545,trawler,0.0295
131545,longliner,0.9705
131554,trawler,0.9262
131554,longliner,0.0002
131554,seiner,0.07
131554,other,0.0036
131555,trawler,0.2892
131555,longliner,0.7108
131594,trawler,0.0004
131594,longliner,0.1775
131594,other,0.4309
131594,support,0.3912
131601,trawler,0.8176
131601,longliner,0.1824
131604,trawler,0.9999
131604,support,0.0001
131616,trawler,0.9785
131616,longliner,0.0058
131616,seiner,0.0153
131616,other,0.0002
131616,support,0.0002
131632,trawler,1.0
131772,trawler,0.9987
131772,longliner,0.0001
131772,support,0.0012
131785,longliner,0.9751
131785,seiner,0.0062
131785,support,0.0186
131864,trawler,0.956
131864,longliner,0.0293
131864,seiner,0.0147
131869,trawler,0.0302
131869,longliner,0.2184
131869,seiner,0.7514
131874,trawler,0.004
131874,longliner,0.9547
131874,other,0.0406
131874,support,0.0006
131902,trawler,0.1111
131902,longliner,0.001
131902,seiner,0.0785
131902,other,0.0012
131902,support,0.8083
132037,trawler,0.0219
132037,longliner,0.0148
132037,seiner,0.9632
132037,support,0.0001
132061,trawler,0.0423
132061,longliner,0.9155
132061,seiner,0.0423
132076,longliner,0.0015
132076,seiner,0.9949
132076,other,0.0028
132076,support,0.0008
132085,trawler,1.0
132111,longliner,0.51
132111,other,0.0001
132111,support,0.4899
132131,seiner,0.9986
132131,support,0.0014
132135,trawler,0.0222
132135,other,0.8259
132135,support,0.1519
132143,trawler,0.9995
132143,support,0.0005
132171,seiner,0.9846
132171,other,0.0154
132186,trawler,0.0733
132186,longliner,0.9261
132186,seiner,0.0001
132186,other,0.0001
132186,support,0.0004
132249,trawler,0.007
132249,longliner,0.9541
132249,seiner,0.0066
132249,other,0.0025
132249,support,0.0298
132278,trawler,0.0
132278,longliner,0.897
132278,seiner,0.1011
132278,support,0.0019
132286,trawler,0.0775
132286,longliner,0.0764
132286,seiner,0.845
132286,other,0.0011
132365,longliner,0.9996
132365,support,0.0004
132380,trawler,0.9518
132380,longliner,0.0154
132380,seiner,0.025
132380,support,0.0077
132385,trawler,0.0017
132385,seiner,0.9966
132385,other,0.0017
132398,trawler,1.0
132421,trawler,0.3033
132421,seiner,0.6967
132428,trawler,0.1315
132428,longliner,0.0027
132428,seiner,0.8556
132428,other,0.0102
132442,trawler,0.1105
132442,longliner,0.8173
132442,seiner,0.0717
132442,support,0.0005
132457,longliner,0.9755
132457,seiner,0.0245
132479,trawler,0.9999
132479,support,0.0001
132536,trawler,0.1687
132536,longliner,0.8064
132536,seiner,0.0241
132536,support,0.0009
132540,trawler,0.9678
132540,longliner,0.004
132540,seiner,0.0109
132540,support,0.0173
132553,trawler,0.0169
132553,longliner,0.9634
132553,seiner,0.0197
132582,trawler,1.0
132635,longliner,0.0034
132635,seiner,0.8843
132635,support,0.1123
132645,trawler,1.0
132652,longliner,0.0005
132652,seiner,0.0508
132652,other,0.0133
132652,support,0.9354
132663,trawler,0.0461
132663,longliner,0.9407
132663,seiner,0.0108
132663,other,0.0023
132681,trawler,1.0
