100015,trawler,0.0376
100015,longliner,0.8243
100015,seiner,0.1368
100015,other,0.0013
100045,trawler,1.0
100060,trawler,0.0532
100060,longliner,0.7423
100060,seiner,0.2039
100060,support,0.0005
100112,trawler,1.0
100131,trawler,0.8094
100131,longliner,0.0029
100131,other,0.1877
100150,longliner,0.9298
100150,seiner,0.0642
100150,support,0.006
100151,trawler,0.0755
100151,longliner,0.0024
100151,seiner,0.0478
100151,support,0.8743
100215,trawler,0.2632
100215,longliner,0.2105
100215,seiner,0.5263
100221,trawler,1.0
100227,trawler,0.9994
100227,longliner,0.0003
100227,support,0.0003
100243,trawler,0.8594
100243,longliner,0.0008
100243,seiner,0.1398
100292,longliner,0.4726
100292,seiner,0.2137
100292,other,0.0757
100292,support,0.238
100299,trawler,1.0
100332,trawler,0.9948
100332,support,0.0052
100371,trawler,0.8756
100371,longliner,0.005
100371,seiner,0.1192
100371,other,0.0002
100384,trawler,1.0
100394,trawler,0.9358
100394,support,0.0642
100400,trawler,1.0
100442,trawler,0.9995
100442,support,0.0005
100576,trawler,0.9839
100576,support,0.0161
100577,trawler,0.2338
100577,longliner,0.2739
100577,seiner,0.4072
100577,support,0.0851
100607,trawler,1.0
100659,trawler,0.9995
100659,seiner,0.0005
100662,trawler,0.4749
100662,longliner,0.4597
100662,seiner,0.0645
100662,other,0.0009
100679,trawler,0.156
100679,seiner,0.844
100799,trawler,0.1864
100799,seiner,0.8136
100809,trawler,0.0048
100809,longliner,0.0003
100809,seiner,0.9946
100809,support,0.0003
100838,trawler,0.1104
100838,longliner,0.0392
100838,seiner,0.1399
100838,support,0.7105
100842,longliner,0.529
100842,seiner,0.029
100842,support,0.442
100865,trawler,0.9982
100865,seiner,0.0018
100888,longliner,0.1461
100888,seiner,0.7769
100888,other,0.0001
100888,support,0.0769
100898,trawler,1.0
100958,trawler,1.0
100976,longliner,0.0015
100976,seiner,0.9928
100976,support,0.0057
101017,seiner,1.0
101018,trawler,0.0001
101018,longliner,0.8951
101018,seiner,0.0142
101018,support,0.0906
101033,trawler,1.0
101064,trawler,1.0
101073,trawler,1.0
101089,longliner,0.0063
101089,seiner,0.0326
101089,support,0.9611
101097,trawler,0.0048
101097,seiner,0.9952
101149,trawler,0.8808
101149,longliner,0.1192
101216,trawler,0.1931
101216,longliner,0.4549
101216,seiner,0.352
101282,longliner,0.6
101282,support,0.4
101304,trawler,0.8881
101304,longliner,0.0022
101304,seiner,0.0858
101304,other,0.0239
101321,trawler,0.0005
101321,longliner,0.5529
101321,seiner,0.4466
101375,trawler,1.0
101387,trawler,1.0
101399,trawler,0.0095
101399,longliner,0.0346
101399,seiner,0.59
101399,support,0.3659
101404,trawler,1.0
101411,trawler,1.0
101414,longliner,0.0004
101414,seiner,0.1819
101414,other,0.0057
101414,support,0.8121
101415,trawler,1.0
101417,trawler,0.011
101417,longliner,0.0325
101417,seiner,0.0293
101417,other,0.1536
101417,support,0.7736
101423,trawler,1.0
101445,trawler,0.9838
101445,longliner,0.016
101445,support,0.0001
101463,trawler,0.2512
101463,longliner,0.2065
101463,seiner,0.4787
101463,support,0.0636
101468,trawler,0.3633
101468,longliner,0.4564
101468,seiner,0.0625
101468,other,0.1179
101490,longliner,0.0379
101490,seiner,0.4557
101490,support,0.5064
101555,trawler,0.0017
101555,longliner,0.9983
101556,trawler,0.004
101556,longliner,0.6739
101556,seiner,0.3142
101556,support,0.0079
101561,longliner,0.0019
101561,seiner,0.044
101561,support,0.954
101577,trawler,0.5485
101577,longliner,0.2526
101577,seiner,0.1989
101600,trawler,0.0007
101600,longliner,0.0037
101600,seiner,0.9884
101600,other,0.0071
101632,longliner,0.9199
101632,seiner,0.0044
101632,support,0.0757
101658,trawler,0.6786
101658,longliner,0.0002
101658,seiner,0.2019
101658,other,0.0001
101658,support,0.1192
101670,longliner,0.6
101670,seiner,0.3997
101670,support,0.0003
101672,trawler,1.0
101689,trawler,0.9622
101689,seiner,0.0378
101765,longliner,0.4693
101765,seiner,0.0033
101765,support,0.5274
101769,trawler,0.9997
101769,support,0.0003
101803,longliner,0.9994
101803,seiner,0.0006
101892,longliner,0.0536
101892,seiner,0.9464
101910,longliner,0.0004
101910,other,0.9996
101939,trawler,1.0
101960,trawler,0.0194
101960,longliner,0.0185
101960,seiner,0.9133
101960,other,0.0488
101976,trawler,0.0572
101976,longliner,0.2018
101976,seiner,0.0331
101976,other,0.7078
101994,trawler,0.9741
101994,longliner,0.0235
101994,seiner,0.0024
102031,trawler,0.542
102031,longliner,0.1691
102031,seiner,0.2889
102047,trawler,0.9999
102047,support,0.0001
102053,trawler,0.0286
102053,longliner,0.0174
102053,seiner,0.2211
102053,support,0.7329
102059,trawler,0.0011
102059,longliner,0.3765
102059,seiner,0.4812
102059,support,0.1412
102084,trawler,0.0359
102084,longliner,0.0398
102084,seiner,0.9243
102104,trawler,1.0
102113,trawler,0.996
102113,seiner,0.0018
102113,support,0.0022
102178,trawler,0.9977
102178,other,0.0023
102203,trawler,0.0005
102203,longliner,0.9092
102203,seiner,0.0891
102203,other,0.0002
102203,support,0.001
102251,trawler,0.9689
102251,longliner,0.0311
102284,seiner,0.5624
102284,support,0.4376
102295,trawler,1.0
102311,trawler,1.0
102316,trawler,0.3879
102316,longliner,0.4149
102316,seiner,0.1972
102336,trawler,1.0
102340,longliner,0.4275
102340,other,0.5725
102341,trawler,0.0078
102341,longliner,0.9305
102341,seiner,0.0158
102341,other,0.0446
102341,support,0.0013
102355,trawler,0.9995
102355,support,0.0005
102361,trawler,0.0012
102361,longliner,0.0006
102361,seiner,0.9981
102371,trawler,1.0
102381,trawler,0.9835
102381,longliner,0.0165
102386,trawler,0.0071
102386,seiner,0.9929
102392,trawler,0.0009
102392,longliner,0.0005
102392,seiner,0.9986
102403,trawler,0.0004
102403,longliner,0.9996
102409,trawler,1.0
102432,trawler,0.9216
102432,seiner,0.0784
102485,longliner,0.0281
102485,other,0.9719
102503,trawler,0.9977
102503,longliner,0.0023
102511,trawler,0.1675
102511,longliner,0.794
102511,seiner,0.0095
102511,other,0.029
102521,trawler,0.0089
102521,longliner,0.1559
102521,seiner,0.0379
102521,other,0.7973
102534,longliner,1.0
102538,trawler,1.0
102558,trawler,0.2204
102558,longliner,0.0029
102558,seiner,0.7767
102590,trawler,1.0
102685,trawler,1.0
102728,trawler,0.083
102728,longliner,0.052
102728,seiner,0.8544
102728,support,0.0105
102753,trawler,1.0
102754,trawler,0.7072
102754,longliner,0.0065
102754,seiner,0.0001
102754,other,0.0004
102754,support,0.2858
102833,trawler,1.0
102870,longliner,0.0132
102870,seiner,0.9796
102870,support,0.0071
102899,trawler,0.2588
102899,longliner,0.0293
102899,seiner,0.003
102899,support,0.7089
102919,longliner,0.7991
102919,support,0.2009
102952,longliner,0.0722
102952,seiner,0.8187
102952,support,0.1091
103021,trawler,0.6714
103021,longliner,0.3286
103058,longliner,0.6325
103058,support,0.3675
103114,longliner,0.0002
103114,seiner,0.0107
103114,support,0.9891
103129,trawler,0.2049
103129,longliner,0.2672
103129,seiner,0.0315
103129,other,0.0028
103129,support,0.4936
103138,trawler,0.1269
103138,seiner,0.8731
103182,trawler,0.0001
103182,longliner,0.5169
103182,other,0.483
103202,trawler,1.0
103225,trawler,0.9979
103225,support,0.0021
103274,trawler,0.0455
103274,longliner,0.786
103274,seiner,0.1685
103316,longliner,0.2839
103316,seiner,0.1197
103316,other,0.0015
103316,support,0.5948
103326,trawler,0.734
103326,longliner,0.266
103329,longliner,0.9498
103329,support,0.0502
103333,longliner,0.0583
103333,seiner,0.0105
103333,support,0.9311
103340,trawler,0.0001
103340,longliner,0.3986
103340,seiner,0.5948
103340,support,0.0065
103389,trawler,0.0004
103389,longliner,0.9978
103389,seiner,0.0013
103389,support,0.0004
103392,trawler,1.0
103445,trawler,0.9996
103445,support,0.0004
103507,trawler,0.9123
103507,longliner,0.0874
103507,seiner,0.0003
103527,trawler,1.0
103593,longliner,0.0002
103593,seiner,0.5656
103593,support,0.4342
103597,trawler,0.9761
103597,other,0.0239
103661,trawler,0.0021
103661,longliner,0.9652
103661,seiner,0.0327
103678,trawler,1.0
103680,longliner,0.8031
103680,support,0.1969
103689,trawler,0.9995
103689,longliner,0.0002
103689,seiner,0.0002
103689,other,0.0002
103696,trawler,0.4706
103696,seiner,0.4332
103696,other,0.0962
103719,trawler,0.9686
103719,longliner,0.0008
103719,seiner,0.0032
103719,support,0.0274
103736,trawler,0.866
103736,seiner,0.134
103808,trawler,0.0492
103808,seiner,0.9508
103811,trawler,0.0005
103811,longliner,0.8972
103811,support,0.1023
103820,trawler,0.0955
103820,longliner,0.9038
103820,seiner,0.0003
103820,support,0.0003
103834,trawler,0.9994
103834,seiner,0.0006
103836,trawler,1.0
103856,trawler,1.0
103860,trawler,0.1289
103860,longliner,0.8695
103860,support,0.0016
103900,trawler,0.4713
103900,seiner,0.5287
103937,trawler,0.9506
103937,longliner,0.0341
103937,seiner,0.0129
103937,other,0.0024
103939,trawler,0.001
103939,seiner,0.0352
103939,support,0.9638
103973,trawler,0.3786
103973,longliner,0.0647
103973,seiner,0.5566
103980,longliner,0.0013
103980,other,0.7316
103980,support,0.2671
104003,trawler,0.8233
104003,longliner,0.0372
104003,seiner,0.1395
104031,trawler,0.3866
104031,seiner,0.6134
104043,longliner,0.0093
104043,seiner,0.8459
104043,support,0.1448
104051,longliner,0.1367
104051,seiner,0.0248
104051,other,0.0011
104051,support,0.8375
104059,other,0.368
104059,support,0.632
104064,trawler,0.6574
104064,seiner,0.001
104064,other,0.0033
104064,support,0.3383
104084,trawler,0.9998
104084,longliner,0.0002
104195,trawler,1.0
104212,trawler,0.9947
104212,other,0.0044
104212,support,0.0009
104219,longliner,0.0068
104219,other,0.9927
104219,support,0.0005
104230,trawler,0.2508
104230,longliner,0.676
104230,seiner,0.0732
104308,longliner,0.0006
104308,other,0.9994
104313,trawler,0.9336
104313,seiner,0.0664
104319,trawler,0.0001
104319,longliner,0.9999
104324,trawler,0.0917
104324,longliner,0.0772
104324,seiner,0.3796
104324,other,0.0201
104324,support,0.4314
104369,trawler,1.0
104375,trawler,0.1269
104375,longliner,0.5972
104375,seiner,0.2758
104393,trawler,0.9755
104393,longliner,0.0245
104408,trawler,0.1987
104408,longliner,0.0171
104408,seiner,0.7842
104426,trawler,0.0123
104426,seiner,0.9872
104426,support,0.0005
104443,longliner,0.1839
104443,seiner,0.5591
104443,other,0.0318
104443,support,0.2252
104463,trawler,0.9999
104463,longliner,0.0001
104489,trawler,1.0
104491,longliner,0.6309
104491,seiner,0.0052
104491,support,0.3639
104507,trawler,1.0
104597,trawler,0.6392
104597,seiner,0.3117
104597,other,0.0491
104615,longliner,0.0015
104615,seiner,0.9957
104615,support,0.0028
104629,trawler,0.9988
104629,longliner,0.0005
104629,seiner,0.0002
104629,support,0.0005
104731,trawler,0.945
104731,longliner,0.0076
104731,seiner,0.0474
104742,trawler,1.0
104751,support,1.0
104794,trawler,0.0122
104794,longliner,0.0003
104794,seiner,0.127
104794,support,0.8605
104891,trawler,1.0
105005,trawler,0.0266
105005,seiner,0.9734
105007,trawler,1.0
105128,trawler,0.9986
105128,support,0.0014
105133,trawler,0.8746
105133,longliner,0.0006
105133,seiner,0.1247
105230,trawler,0.2094
105230,seiner,0.4628
105230,support,0.3278
105242,trawler,0.9357
105242,other,0.064
105242,support,0.0003
105267,trawler,0.9994
105267,seiner,0.0006
105317,trawler,0.892
105317,seiner,0.108
105339,trawler,0.98
105339,seiner,0.02
105344,trawler,0.9901
105344,longliner,0.0006
105344,seiner,0.0093
105354,trawler,0.0012
105354,longliner,0.0009
105354,seiner,0.9932
105354,other,0.0028
105354,support,0.0018
105464,trawler,0.0012
105464,seiner,0.9971
105464,other,0.0016
105470,trawler,0.9563
105470,seiner,0.0437
105486,longliner,0.0012
105486,other,0.3457
105486,support,0.6531
105487,longliner,0.6225
105487,seiner,0.007
105487,support,0.3704
105498,seiner,0.0795
105498,support,0.9205
105544,trawler,0.9992
105544,other,0.0006
105544,support,0.0002
105554,trawler,0.0
105554,longliner,0.6243
105554,seiner,0.1703
105554,support,0.2054
105562,trawler,0.8162
105562,seiner,0.1838
105587,trawler,1.0
105611,trawler,0.852
105611,longliner,0.0913
105611,seiner,0.0547
105611,other,0.0007
105611,support,0.0013
105613,trawler,0.1427
105613,longliner,0.0005
105613,seiner,0.0907
105613,support,0.7661
105615,trawler,0.9997
105615,longliner,0.0001
105615,support,0.0001
105628,trawler,0.1041
105628,longliner,0.0304
105628,seiner,0.8651
105628,support,0.0004
105685,trawler,0.0679
105685,longliner,0.8294
105685,seiner,0.0874
105685,other,0.0153
105719,trawler,0.8787
105719,longliner,0.0322
105719,seiner,0.079
105719,support,0.0101
105728,trawler,0.8261
105728,longliner,0.167
105728,seiner,0.0069
105795,trawler,1.0
105833,trawler,0.2425
105833,seiner,0.7575
105836,trawler,0.273
105836,longliner,0.6685
105836,seiner,0.0212
105836,other,0.0009
105836,support,0.0365
105844,trawler,0.354
105844,longliner,0.0228
105844,seiner,0.6232
105883,trawler,0.9996
105883,support,0.0004
105900,trawler,0.1359
105900,seiner,0.8641
105901,trawler,0.9501
105901,longliner,0.029
105901,support,0.0209
105905,trawler,0.0276
105905,longliner,0.0276
105905,seiner,0.9448
106012,trawler,0.4645
106012,longliner,0.0057
106012,seiner,0.5299
106089,trawler,0.9993
106089,seiner,0.0007
106091,trawler,1.0
106096,trawler,1.0
106102,longliner,0.2818
106102,seiner,0.0237
106102,other,0.0057
106102,support,0.6888
106124,longliner,0.0005
106124,seiner,0.2564
106124,support,0.7431
106177,trawler,0.974
106177,longliner,0.0029
106177,seiner,0.0231
106183,trawler,0.7928
106183,seiner,0.1464
106183,other,0.0608
106194,trawler,0.9867
106194,other,0.0133
106221,trawler,0.999
106221,longliner,0.0001
106221,seiner,0.0001
106221,support,0.0009
106263,trawler,0.9871
106263,seiner,0.0129
106303,longliner,0.8889
106303,seiner,0.0146
106303,other,0.0001
106303,support,0.0964
106324,trawler,0.1294
106324,longliner,0.5439
106324,seiner,0.0313
106324,other,0.2944
106324,support,0.001
106336,trawler,0.9996
106336,support,0.0004
106377,trawler,0.0154
106377,longliner,0.9764
106377,seiner,0.0077
106377,other,0.0005
106433,trawler,0.0797
106433,longliner,0.8247
106433,seiner,0.0943
106433,support,0.0013
106453,trawler,0.9856
106453,longliner,0.0003
106453,seiner,0.014
106465,longliner,0.0046
106465,seiner,0.9733
106465,other,0.0163
106465,support,0.0059
106467,trawler,0.1413
106467,longliner,0.0069
106467,seiner,0.6173
106467,other,0.0001
106467,support,0.2344
106491,longliner,0.9808
106491,seiner,0.0046
106491,support,0.0146
106500,trawler,0.8753
106500,seiner,0.1153
106500,support,0.0094
106511,longliner,0.0594
106511,seiner,0.6547
106511,support,0.2859
106522,trawler,0.1396
106522,longliner,0.0043
106522,seiner,0.8561
106531,trawler,0.6706
106531,other,0.3287
106531,support,0.0007
106552,trawler,0.119
106552,seiner,0.881
106568,trawler,0.6611
106568,longliner,0.0042
106568,seiner,0.3347
106628,longliner,1.0
106655,trawler,0.0443
106655,longliner,0.9538
106655,seiner,0.0018
106672,trawler,0.0002
106672,longliner,0.2337
106672,seiner,0.0023
106672,support,0.7637
106732,trawler,1.0
106742,trawler,1.0
106744,trawler,0.9975
106744,seiner,0.0025
106769,trawler,0.9999
106769,seiner,0.0001
106769,support,0.0001
106803,trawler,1.0
106857,trawler,0.3818
106857,seiner,0.3247
106857,support,0.2935
106858,trawler,0.987
106858,longliner,0.0002
106858,support,0.0128
106859,trawler,0.0459
106859,longliner,0.1682
106859,seiner,0.7859
106890,trawler,0.9349
106890,longliner,0.0591
106890,seiner,0.0058
106890,support,0.0001
106906,trawler,0.9976
106906,seiner,0.0012
106906,support,0.0012
106945,longliner,0.4377
106945,seiner,0.141
106945,support,0.4213
106959,trawler,1.0
106993,trawler,1.0
107028,longliner,0.9928
107028,support,0.0072
107040,trawler,1.0
107056,trawler,0.9841
107056,other,0.0159
107093,trawler,0.1792
107093,longliner,0.2354
107093,seiner,0.5854
107099,trawler,0.9898
107099,seiner,0.0102
107115,trawler,0.9969
107115,support,0.0031
107185,trawler,0.8497
107185,longliner,0.0399
107185,seiner,0.0429
107185,other,0.0675
107188,trawler,0.1951
107188,longliner,0.0976
107188,seiner,0.7024
107188,other,0.0049
107190,trawler,1.0
107230,trawler,0.9209
107230,seiner,0.0791
107267,trawler,0.8119
107267,longliner,0.1437
107267,seiner,0.0444
107271,trawler,0.117
107271,longliner,0.6256
107271,support,0.2573
107273,trawler,0.8986
107273,longliner,0.056
107273,seiner,0.0382
107273,other,0.0072
107276,longliner,0.8981
107276,other,0.0446
107276,support,0.0573
107279,longliner,0.6333
107279,seiner,0.0003
107279,other,0.0012
107279,support,0.3652
107280,trawler,0.9351
107280,longliner,0.0018
107280,seiner,0.0211
107280,other,0.0421
107286,trawler,0.9991
107286,support,0.0009
107327,trawler,0.275
107327,longliner,0.6513
107327,seiner,0.0737
107356,trawler,1.0
107397,trawler,0.3523
107397,longliner,0.0341
107397,other,0.0795
107397,support,0.5341
107399,trawler,0.986
107399,seiner,0.014
107437,longliner,0.2318
107437,seiner,0.1955
107437,other,0.1864
107437,support,0.3864
107497,longliner,0.5667
107497,seiner,0.178
107497,support,0.2553
107520,longliner,0.955
107520,support,0.045
107521,trawler,0.0491
107521,longliner,0.8714
107521,seiner,0.0279
107521,support,0.0517
107525,trawler,0.992
107525,longliner,0.0003
107525,seiner,0.0003
107525,other,0.0073
107537,trawler,0.0596
107537,longliner,0.0391
107537,seiner,0.8988
107537,other,0.0024
107550,trawler,0.0433
107550,longliner,0.0323
107550,seiner,0.9242
107550,support,0.0002
107561,seiner,0.7466
107561,support,0.2534
107644,trawler,1.0
107654,trawler,0.9645
107654,longliner,0.0223
107654,seiner,0.0132
107674,trawler,0.1685
107674,seiner,0.8315
107723,longliner,0.0008
107723,seiner,0.9992
107750,trawler,0.9988
107750,longliner,0.0012
107759,trawler,0.0159
107759,longliner,0.0029
107759,seiner,0.9813
107797,trawler,0.0144
107797,longliner,0.9812
107797,seiner,0.0044
107811,trawler,1.0
107876,trawler,0.1318
107876,longliner,0.4358
107876,seiner,0.3277
107876,support,0.1047
107906,trawler,0.9347
107906,other,0.0653
107961,longliner,0.9765
107961,seiner,0.0213
107961,support,0.0022
107969,trawler,0.0321
107969,longliner,0.1603
107969,seiner,0.7408
107969,other,0.0007
107969,support,0.0661
107973,trawler,0.1774
107973,longliner,0.0161
107973,seiner,0.0561
107973,support,0.7504
107987,trawler,0.75
107987,support,0.25
108034,trawler,0.9784
108034,longliner,0.0129
108034,seiner,0.0086
108047,trawler,0.8039
108047,longliner,0.1608
108047,seiner,0.0354
108088,trawler,0.9076
108088,longliner,0.0288
108088,seiner,0.0636
108094,longliner,0.7776
108094,seiner,0.1751
108094,support,0.0473
108097,trawler,0.0665
108097,longliner,0.0061
108097,seiner,0.372
108097,support,0.5554
108118,trawler,0.9328
108118,longliner,0.0017
108118,seiner,0.0655
108189,trawler,1.0
108202,trawler,0.0408
108202,longliner,0.9592
108246,trawler,0.8341
108246,longliner,0.0046
108246,other,0.1613
108275,trawler,1.0
108287,trawler,0.9231
108287,seiner,0.0059
108287,support,0.0709
108343,trawler,0.408
108343,seiner,0.592
108389,trawler,0.9609
108389,longliner,0.0007
108389,seiner,0.0004
108389,other,0.0379
108412,longliner,0.1192
108412,seiner,0.125
108412,support,0.7558
108417,trawler,0.92
108417,longliner,0.0426
108417,seiner,0.0305
108417,other,0.0068
108464,trawler,0.9967
108464,longliner,0.0029
108464,seiner,0.0001
108464,support,0.0004
108498,trawler,0.9471
108498,longliner,0.0322
108498,seiner,0.0207
108521,trawler,0.0994
108521,other,0.9006
108536,trawler,0.4494
108536,longliner,0.4861
108536,seiner,0.0585
108536,support,0.006
108603,trawler,0.1118
108603,longliner,0.2237
108603,seiner,0.6645
108635,trawler,0.9361
108635,seiner,0.063
108635,other,0.0009
108656,longliner,0.0025
108656,seiner,0.8412
108656,support,0.1564
108705,trawler,0.1774
108705,longliner,0.0002
108705,seiner,0.8052
108705,support,0.0173
108706,longliner,0.0277
108706,other,0.9723
108729,trawler,0.9677
108729,seiner,0.0323
108750,trawler,0.682
108750,seiner,0.318
108773,trawler,0.4826
108773,seiner,0.5174
108864,trawler,1.0
108921,trawler,0.0454
108921,seiner,0.9546
108929,trawler,1.0
108976,trawler,0.5133
108976,longliner,0.4744
108976,seiner,0.0079
108976,support,0.0044
108999,trawler,0.98
108999,longliner,0.0017
108999,seiner,0.015
108999,support,0.0033
109054,trawler,0.0087
109054,longliner,0.9826
109054,seiner,0.0087
109057,trawler,0.0166
109057,longliner,0.9206
109057,seiner,0.0329
109057,other,0.0062
109057,support,0.0236
109117,support,1.0
109138,trawler,1.0
109139,trawler,0.0078
109139,longliner,0.9696
109139,seiner,0.0227
109148,trawler,0.6222
109148,longliner,0.3278
109148,seiner,0.05
109165,longliner,0.9996
109165,support,0.0004
109190,trawler,0.9771
109190,support,0.0229
109191,trawler,0.2925
109191,longliner,0.2136
109191,seiner,0.4923
109191,other,0.0015
109253,trawler,0.6402
109253,longliner,0.3405
109253,seiner,0.0192
109281,trawler,0.0357
109281,longliner,0.0338
109281,seiner,0.9285
109281,support,0.0019
109307,trawler,0.8882
109307,longliner,0.0147
109307,seiner,0.0971
109329,trawler,0.2222
109329,longliner,0.7266
109329,support,0.0513
109368,longliner,0.0046
109368,seiner,0.8618
109368,other,0.0784
109368,support,0.0553
109385,trawler,0.9111
109385,seiner,0.0293
109385,other,0.0597
109387,trawler,0.9357
109387,longliner,0.005
109387,seiner,0.024
109387,other,0.0353
109391,longliner,0.0773
109391,support,0.9227
109404,longliner,0.0086
109404,seiner,0.0011
109404,support,0.9903
109409,trawler,0.8724
109409,longliner,0.1121
109409,seiner,0.0064
109409,support,0.0091
109422,trawler,0.0002
109422,longliner,0.0061
109422,other,0.9937
109422,support,0.0001
109428,trawler,0.932
109428,longliner,0.068
109438,trawler,0.8531
109438,longliner,0.0991
109438,seiner,0.0461
109438,support,0.0017
109445,trawler,0.9023
109445,seiner,0.0977
109481,trawler,0.8899
109481,longliner,0.0087
109481,seiner,0.1014
109486,trawler,0.0326
109486,longliner,0.9143
109486,seiner,0.0524
109486,support,0.0007
109523,trawler,0.0766
109523,longliner,0.8928
109523,seiner,0.0248
109523,support,0.0058
109626,trawler,0.6426
109626,other,0.3574
109641,trawler,0.0252
109641,longliner,0.9566
109641,seiner,0.0177
109641,support,0.0005
109710,trawler,0.9814
109710,seiner,0.0186
109743,longliner,0.016
109743,seiner,0.6388
109743,support,0.3452
109761,trawler,1.0
109795,trawler,0.7597
109795,longliner,0.1145
109795,seiner,0.1258
109867,trawler,1.0
109888,trawler,0.1574
109888,longliner,0.033
109888,seiner,0.8062
109888,support,0.0034
109907,trawler,0.4233
109907,longliner,0.5708
109907,support,0.0059
109930,seiner,0.9976
109930,support,0.0024
109948,trawler,0.9476
109948,longliner,0.0272
109948,seiner,0.0201
109948,support,0.0052
110012,trawler,1.0
110052,trawler,1.0
110071,trawler,0.958
110071,longliner,0.0399
110071,seiner,0.0021
110109,trawler,0.881
110109,longliner,0.0936
110109,seiner,0.0107
110109,support,0.0148
110113,trawler,1.0
110123,longliner,0.1386
110123,seiner,0.2376
110123,other,0.1386
110123,support,0.4851
110139,trawler,0.0345
110139,seiner,0.9651
110139,support,0.0005
110154,trawler,0.9744
110154,longliner,0.0013
110154,seiner,0.0243
110240,trawler,0.7576
110240,seiner,0.2424
110274,trawler,0.0234
110274,longliner,0.7849
110274,seiner,0.0691
110274,support,0.1226
110300,trawler,1.0
110345,trawler,1.0
110348,trawler,0.8881
110348,longliner,0.0941
110348,seiner,0.0178
110363,trawler,0.35
110363,longliner,0.0009
110363,seiner,0.6492
110455,trawler,0.9886
110455,seiner,0.0114
110457,longliner,0.7995
110457,other,0.0036
110457,support,0.197
110508,trawler,0.9448
110508,longliner,0.0332
110508,seiner,0.0219
110508,other,0.0001
110518,trawler,0.0115
110518,longliner,0.2713
110518,seiner,0.3231
110518,other,0.0423
110518,support,0.3519
110521,trawler,0.9997
110521,longliner,0.0001
110521,support,0.0001
110523,trawler,1.0
110533,trawler,0.0028
110533,longliner,0.8716
110533,seiner,0.006
110533,other,0.0126
110533,support,0.107
110577,trawler,0.9872
110577,longliner,0.0092
110577,seiner,0.0037
110598,trawler,0.1634
110598,longliner,0.0049
110598,seiner,0.157
110598,other,0.0005
110598,support,0.6742
110603,trawler,0.6682
110603,longliner,0.036
110603,seiner,0.2955
110603,support,0.0003
110653,trawler,1.0
110654,trawler,0.1445
110654,longliner,0.7723
110654,seiner,0.0031
110654,support,0.0801
110669,trawler,1.0
110729,trawler,0.9799
110729,longliner,0.0106
110729,support,0.0095
110734,trawler,0.0222
110734,longliner,0.8729
110734,seiner,0.0392
110734,other,0.062
110734,support,0.0037
110748,trawler,0.9826
110748,longliner,0.0102
110748,seiner,0.0066
110748,other,0.0006
110795,trawler,1.0
110803,longliner,0.0012
110803,seiner,0.8056
110803,support,0.1932
110823,trawler,0.8902
110823,longliner,0.0956
110823,seiner,0.0143
110850,trawler,0.077
110850,longliner,0.8092
110850,seiner,0.0917
110850,other,0.022
110926,trawler,1.0
110973,longliner,0.0439
110973,seiner,0.4129
110973,support,0.5433
110986,trawler,1.0
110992,support,1.0
111026,trawler,0.3752
111026,seiner,0.6248
111119,trawler,0.3074
111119,longliner,0.2771
111119,seiner,0.1838
111119,other,0.0537
111119,support,0.1781
111181,trawler,0.0095
111181,longliner,0.0015
111181,other,0.1675
111181,support,0.8215
111182,trawler,0.8569
111182,longliner,0.1431
111209,trawler,0.1251
111209,longliner,0.7597
111209,seiner,0.1017
111209,other,0.0136
111218,trawler,0.0789
111218,longliner,0.0001
111218,seiner,0.0424
111218,support,0.8786
111226,longliner,0.1438
111226,seiner,0.7278
111226,support,0.1284
111244,trawler,0.0952
111244,longliner,0.8893
111244,seiner,0.013
111244,support,0.0025
111303,trawler,1.0
111306,trawler,0.0003
111306,longliner,0.5115
111306,seiner,0.0068
111306,support,0.4814
111321,trawler,0.0319
111321,longliner,0.9681
111466,trawler,0.2633
111466,longliner,0.6855
111466,seiner,0.0427
111466,other,0.0083
111466,support,0.0003
111485,trawler,0.8939
111485,longliner,0.0509
111485,seiner,0.0542
111485,support,0.0011
111487,trawler,0.8592
111487,seiner,0.1408
111493,longliner,0.0618
111493,seiner,0.7034
111493,support,0.2348
111538,longliner,0.0257
111538,seiner,0.9097
111538,support,0.0645
111592,trawler,0.9989
111592,longliner,0.0006
111592,seiner,0.0006
111607,trawler,0.5206
111607,longliner,0.1713
111607,seiner,0.2803
111607,other,0.0264
111607,support,0.0014
111649,trawler,0.0001
111649,longliner,0.7935
111649,seiner,0.2065
111663,trawler,1.0
111716,trawler,1.0
111749,trawler,0.9876
111749,support,0.0124
111769,trawler,1.0
111771,trawler,0.3239
111771,longliner,0.625
111771,seiner,0.0511
111810,trawler,0.7738
111810,longliner,0.0773
111810,seiner,0.1485
111810,other,0.0004
111868,trawler,0.9058
111868,seiner,0.0942
111949,longliner,0.0145
111949,seiner,0.7956
111949,support,0.1899
112000,trawler,0.8142
112000,seiner,0.0078
112000,support,0.178
112016,longliner,0.9989
112016,support,0.0011
112036,trawler,0.0463
112036,longliner,0.0225
112036,seiner,0.9217
112036,support,0.0094
112054,trawler,0.9809
112054,seiner,0.0191
112067,seiner,1.0
112078,trawler,0.827
112078,longliner,0.1011
112078,seiner,0.07
112078,other,0.0018
112087,trawler,0.0104
112087,longliner,0.047
112087,seiner,0.9399
112087,other,0.0026
112096,longliner,0.0174
112096,seiner,0.6192
112096,support,0.3634
112098,trawler,1.0
112140,longliner,0.5945
112140,seiner,0.0339
112140,other,0.2746
112140,support,0.0969
112188,trawler,1.0
112213,longliner,0.024
112213,seiner,0.4972
112213,support,0.4789
112219,trawler,0.8178
112219,longliner,0.1636
112219,seiner,0.0169
112219,support,0.0018
112249,longliner,0.0003
112249,seiner,0.8954
112249,support,0.1042
112264,trawler,0.9977
112264,support,0.0023
112270,trawler,0.8803
112270,longliner,0.0014
112270,other,0.1183
112289,trawler,0.0357
112289,longliner,0.8936
112289,seiner,0.0428
112289,other,0.0276
112289,support,0.0002
112296,trawler,0.0006
112296,seiner,0.9971
112296,other,0.0023
112316,trawler,1.0
112328,trawler,1.0
112390,trawler,0.9898
112390,seiner,0.0102
112498,trawler,0.1108
112498,longliner,0.8867
112498,seiner,0.0024
112501,trawler,0.9999
112501,support,0.0001
112512,trawler,0.0112
112512,longliner,0.9888
112515,trawler,0.8929
112515,seiner,0.1071
112517,trawler,0.6211
112517,seiner,0.3455
112517,support,0.0334
112584,trawler,0.9968
112584,longliner,0.002
112584,seiner,0.0012
112599,longliner,0.0039
112599,seiner,0.7419
112599,support,0.2541
112616,trawler,0.1308
112616,longliner,0.3297
112616,seiner,0.3934
112616,other,0.1461
112627,trawler,0.9995
112627,seiner,0.0003
112627,support,0.0002
112670,trawler,0.9188
112670,longliner,0.0683
112670,seiner,0.013
112683,longliner,0.0157
112683,seiner,0.0063
112683,other,0.9632
112683,support,0.0147
112754,trawler,0.9993
112754,longliner,0.0004
112754,seiner,0.0001
112754,support,0.0003
112803,longliner,0.6897
112803,seiner,0.2559
112803,support,0.0544
112810,trawler,0.9954
112810,longliner,0.0001
112810,seiner,0.0001
112810,support,0.0044
112837,seiner,0.9804
112837,support,0.0196
112871,seiner,0.9941
112871,support,0.0059
112879,trawler,1.0
112905,trawler,0.9991
112905,support,0.0009
112915,trawler,1.0
112972,trawler,0.5011
112972,longliner,0.4513
112972,seiner,0.0441
112972,support,0.0035
112982,trawler,1.0
113009,trawler,0.9999
113009,support,0.0001
113016,trawler,0.1741
113016,seiner,0.8259
113018,support,1.0
113021,trawler,0.9676
113021,longliner,0.0143
113021,seiner,0.0182
113036,longliner,0.7375
113036,seiner,0.0497
113036,other,0.0154
113036,support,0.1974
113052,trawler,0.8771
113052,seiner,0.1229
113113,trawler,1.0
113122,trawler,0.0051
113122,longliner,0.0007
113122,seiner,0.9853
113122,other,0.0073
113122,support,0.0015
113124,longliner,0.0006
113124,seiner,0.9687
113124,other,0.0002
113124,support,0.0305
113149,longliner,0.1893
113149,seiner,0.4235
113149,support,0.3872
113156,trawler,0.7984
113156,other,0.2016
113204,trawler,1.0
113252,trawler,0.8953
113252,longliner,0.0004
113252,seiner,0.0003
113252,support,0.104
113266,trawler,1.0
113281,longliner,0.1638
113281,seiner,0.3016
113281,other,0.0132
113281,support,0.5213
113289,longliner,0.9085
113289,support,0.0915
113291,trawler,0.2782
113291,seiner,0.7218
113330,trawler,0.6704
113330,seiner,0.3163
113330,support,0.0134
113368,trawler,0.0076
113368,longliner,0.9773
113368,seiner,0.0152
113388,trawler,0.9606
113388,longliner,0.0004
113388,seiner,0.0387
113388,support,0.0004
113389,longliner,0.9885
113389,support,0.0115
113392,trawler,0.2722
113392,longliner,0.0001
113392,seiner,0.7054
113392,support,0.0224
113413,trawler,0.2527
113413,longliner,0.0016
113413,other,0.7457
113450,trawler,0.9939
113450,seiner,0.0061
113471,trawler,0.9998
113471,longliner,0.0001
113471,other,0.0001
113503,trawler,0.6264
113503,longliner,0.021
113503,seiner,0.3516
113503,support,0.001
113507,seiner,1.0
113509,trawler,0.9885
113509,other,0.0115
113531,trawler,0.069
113531,longliner,0.9063
113531,other,0.0246
113536,trawler,0.9486
113536,longliner,0.0228
113536,seiner,0.0109
113536,other,0.0003
113536,support,0.0174
113581,trawler,0.1799
113581,longliner,0.4793
113581,seiner,0.3408
113636,trawler,0.6762
113636,seiner,0.3238
113664,trawler,0.9551
113664,longliner,0.0011
113664,seiner,0.0435
113664,support,0.0003
113712,trawler,0.9389
113712,seiner,0.0611
113731,trawler,0.9892
113731,longliner,0.01
113731,seiner,0.0008
113752,longliner,0.0075
113752,seiner,0.2847
113752,support,0.7079
113761,longliner,0.169
113761,seiner,0.1189
113761,support,0.712
113802,trawler,0.9951
113802,longliner,0.0039
113802,seiner,0.001
113842,trawler,0.972
113842,longliner,0.0093
113842,seiner,0.0187
113916,trawler,0.0211
113916,seiner,0.9789
113987,trawler,0.9539
113987,seiner,0.0459
113987,support,0.0002
114011,trawler,0.9545
114011,longliner,0.0455
114065,trawler,0.1165
114065,longliner,0.2636
114065,seiner,0.6199
114083,trawler,0.5629
114083,longliner,0.1671
114083,seiner,0.0314
114083,support,0.2386
114112,longliner,0.9598
114112,seiner,0.0039
114112,support,0.0363
114152,longliner,0.0119
114152,seiner,0.5046
114152,support,0.4835
114244,trawler,0.141
114244,longliner,0.8363
114244,seiner,0.0221
114244,other,0.0005
114335,trawler,0.9997
114335,support,0.0003
114351,trawler,0.9997
114351,support,0.0003
114368,trawler,1.0
114374,trawler,0.0409
114374,longliner,0.1322
114374,seiner,0.8227
114374,other,0.0028
114374,support,0.0014
114391,trawler,0.2895
114391,longliner,0.4762
114391,seiner,0.2343
114412,trawler,0.0029
114412,longliner,0.9523
114412,seiner,0.0288
114412,support,0.0161
114433,trawler,0.0012
114433,longliner,0.0006
114433,seiner,0.9982
114456,trawler,0.9383
114456,longliner,0.0013
114456,seiner,0.0479
114456,support,0.0125
114466,trawler,0.3195
114466,longliner,0.4397
114466,seiner,0.0024
114466,support,0.2384
114472,trawler,0.8849
114472,longliner,0.0061
114472,seiner,0.109
114475,trawler,0.1156
114475,seiner,0.0036
114475,support,0.8808
114492,trawler,0.0001
114492,longliner,0.2214
114492,seiner,0.0
114492,support,0.7784
114542,trawler,0.7379
114542,seiner,0.2602
114542,support,0.002
114568,trawler,0.0733
114568,longliner,0.0041
114568,seiner,0.9182
114568,other,0.0045
114581,trawler,0.0
114581,longliner,0.0343
114581,seiner,0.9369
114581,support,0.0287
114749,trawler,0.1835
114749,longliner,0.1974
114749,seiner,0.0257
114749,support,0.5934
114789,trawler,0.0179
114789,longliner,0.0201
114789,seiner,0.9552
114789,support,0.0068
114791,trawler,0.4745
114791,seiner,0.5255
114841,trawler,0.9866
114841,other,0.0134
114844,trawler,0.9942
114844,seiner,0.0058
114929,trawler,0.7703
114929,seiner,0.2278
114929,support,0.0019
114973,trawler,0.0653
114973,longliner,0.0385
114973,seiner,0.8906
114973,support,0.0056
115005,longliner,0.0013
115005,seiner,0.9884
115005,other,0.0006
115005,support,0.0097
115010,trawler,0.0626
115010,longliner,0.1274
115010,seiner,0.8089
115010,support,0.0011
115018,trawler,0.9603
115018,longliner,0.015
115018,seiner,0.0179
115018,support,0.0068
115039,trawler,0.8399
115039,longliner,0.1435
115039,seiner,0.0091
115039,support,0.0076
115052,trawler,0.01
115052,seiner,0.99
115053,seiner,0.9377
115053,support,0.0623
115085,longliner,0.0155
115085,seiner,0.2119
115085,support,0.7726
115112,trawler,0.9731
115112,longliner,0.0154
115112,support,0.0115
115122,trawler,0.3684
115122,longliner,0.0867
115122,seiner,0.5449
115133,longliner,0.01
115133,seiner,0.945
115133,support,0.0449
115140,trawler,0.0001
115140,longliner,0.1173
115140,seiner,0.0087
115140,other,0.8406
115140,support,0.0332
115278,trawler,0.9111
115278,seiner,0.0889
115322,trawler,0.5158
115322,longliner,0.0791
115322,seiner,0.3664
115322,other,0.0167
115322,support,0.022
115341,trawler,0.7047
115341,seiner,0.2953
115351,trawler,0.9735
115351,seiner,0.0265
115388,trawler,0.9484
115388,longliner,0.0067
115388,seiner,0.0449
115397,trawler,0.1331
115397,seiner,0.8669
115401,trawler,0.4794
115401,longliner,0.2925
115401,seiner,0.2277
115401,support,0.0003
115405,trawler,0.3569
115405,longliner,0.5967
115405,seiner,0.0327
115405,support,0.0136
115440,trawler,0.0224
115440,longliner,0.0005
115440,seiner,0.977
115465,trawler,1.0
115485,trawler,0.0239
115485,seiner,0.9757
115485,support,0.0004
115553,trawler,1.0
115555,trawler,0.8212
115555,longliner,0.0923
115555,seiner,0.0846
115555,other,0.0019
115558,longliner,0.0088
115558,seiner,0.9311
115558,support,0.0602
115586,longliner,0.0047
115586,seiner,0.8845
115586,support,0.1108
115612,trawler,0.0538
115612,longliner,0.0385
115612,seiner,0.9077
115630,trawler,0.0041
115630,longliner,0.1562
115630,seiner,0.5241
115630,support,0.3156
115673,trawler,0.8734
115673,longliner,0.0067
115673,seiner,0.1199
115689,trawler,1.0
115711,trawler,0.0894
115711,longliner,0.9102
115711,support,0.0003
115714,trawler,0.1682
115714,longliner,0.0098
115714,seiner,0.8213
115714,support,0.0007
115731,trawler,0.654
115731,longliner,0.0734
115731,seiner,0.2726
115732,trawler,0.0017
115732,longliner,0.0004
115732,seiner,0.9979
115758,trawler,1.0
115787,trawler,0.0465
115787,longliner,0.0012
115787,seiner,0.0818
115787,support,0.8705
115804,trawler,1.0
115852,trawler,0.8242
115852,longliner,0.0028
115852,seiner,0.1729
115947,longliner,0.479
115947,support,0.521
115980,trawler,1.0
115991,longliner,1.0
116007,longliner,1.0
116016,trawler,0.0407
116016,seiner,0.9341
116016,support,0.0252
116055,trawler,0.8111
116055,seiner,0.063
116055,support,0.1259
116083,trawler,0.9217
116083,longliner,0.0252
116083,seiner,0.0522
116083,support,0.0009
116090,trawler,0.7352
116090,longliner,0.1826
116090,seiner,0.0776
116090,support,0.0046
116122,trawler,1.0
116181,trawler,1.0
116214,seiner,0.714
116214,support,0.286
116228,trawler,0.0253
116228,seiner,0.9747
116339,trawler,1.0
116345,longliner,0.0395
116345,seiner,0.8797
116345,support,0.0808
116368,longliner,0.0003
116368,support,0.9997
116376,trawler,0.8798
116376,longliner,0.0019
116376,seiner,0.001
116376,other,0.1174
116441,trawler,0.2112
116441,longliner,0.6235
116441,seiner,0.1621
116441,other,0.0016
116441,support,0.0016
116458,seiner,0.9766
116458,support,0.0234
116620,trawler,0.2558
116620,longliner,0.1751
116620,seiner,0.142
116620,support,0.4271
116625,trawler,0.0006
116625,longliner,0.0012
116625,seiner,0.9983
116630,longliner,0.9751
116630,seiner,0.0015
116630,other,0.0011
116630,support,0.0223
116647,trawler,0.0216
116647,seiner,0.9784
116651,longliner,0.0458
116651,other,0.8036
116651,support,0.1506
116654,trawler,0.0413
116654,seiner,0.9587
116683,longliner,0.0006
116683,seiner,0.2118
116683,support,0.7876
116704,trawler,1.0
116747,trawler,0.0535
116747,longliner,0.0151
116747,seiner,0.3605
116747,support,0.571
116749,trawler,1.0
116776,trawler,0.0374
116776,longliner,0.8281
116776,seiner,0.079
116776,other,0.0172
116776,support,0.0383
116812,trawler,0.9815
116812,longliner,0.012
116812,seiner,0.0065
116840,trawler,0.6853
116840,longliner,0.0267
116840,seiner,0.2874
116840,other,0.0007
116845,trawler,0.6831
116845,seiner,0.3169
116846,trawler,0.0005
116846,longliner,0.0005
116846,seiner,0.999
116903,trawler,0.8149
116903,seiner,0.1851
116916,longliner,0.0166
116916,seiner,0.9252
116916,support,0.0582
116975,longliner,0.0006
116975,seiner,0.0324
116975,other,0.0007
116975,support,0.9664
117024,trawler,0.9997
117024,seiner,0.0003
117036,longliner,0.0125
117036,seiner,0.8989
117036,support,0.0885
117067,trawler,1.0
117109,trawler,0.4631
117109,seiner,0.5369
117126,trawler,0.0038
117126,longliner,0.0002
117126,seiner,0.996
117131,trawler,0.004
117131,longliner,0.9633
117131,seiner,0.0316
117131,support,0.0011
117197,trawler,1.0
117203,trawler,0.0013
117203,longliner,0.4846
117203,seiner,0.0491
117203,support,0.465
117204,trawler,0.9221
117204,longliner,0.0597
117204,seiner,0.0182
117207,trawler,0.9903
117207,support,0.0097
117219,trawler,0.2034
117219,longliner,0.7944
117219,seiner,0.0022
117282,trawler,0.1229
117282,longliner,0.8686
117282,seiner,0.0085
117288,trawler,1.0
117296,trawler,1.0
117302,trawler,0.0315
117302,longliner,0.901
117302,seiner,0.0675
117338,trawler,0.9957
117338,seiner,0.0043
117400,trawler,0.8434
117400,seiner,0.1555
117400,support,0.001
117441,longliner,0.2462
117441,seiner,0.4917
117441,support,0.262
117445,trawler,1.0
117460,trawler,0.9784
117460,longliner,0.0216
117475,trawler,0.013
117475,longliner,0.667
117475,other,0.1258
117475,support,0.1941
117491,trawler,0.9243
117491,longliner,0.0591
117491,support,0.0165
117537,longliner,0.4491
117537,other,0.5509
117551,trawler,0.0057
117551,longliner,0.9747
117551,seiner,0.0194
117551,support,0.0002
117556,longliner,0.0654
117556,seiner,0.5041
117556,support,0.4305
117623,trawler,0.2795
117623,longliner,0.0763
117623,seiner,0.6442
117632,seiner,0.2149
117632,support,0.7851
117662,trawler,1.0
117694,trawler,0.0101
117694,longliner,0.9618
117694,seiner,0.0051
117694,other,0.0226
117694,support,0.0004
117697,longliner,0.5583
117697,seiner,0.0509
117697,support,0.3908
117745,trawler,0.1777
117745,longliner,0.0182
117745,seiner,0.8041
117757,trawler,0.8632
117757,longliner,0.0015
117757,seiner,0.1137
117757,other,0.001
117757,support,0.0206
117770,longliner,0.1429
117770,seiner,0.3192
117770,support,0.5379
117780,trawler,0.7457
117780,longliner,0.0006
117780,seiner,0.2537
117787,trawler,0.1354
117787,longliner,0.1587
117787,seiner,0.7021
117787,support,0.0039
117810,longliner,0.2985
117810,seiner,0.0102
117810,support,0.6914
117814,trawler,0.0541
117814,longliner,0.0041
117814,seiner,0.9418
117819,trawler,0.0357
117819,longliner,0.0003
117819,seiner,0.0036
117819,support,0.9604
117832,trawler,0.0065
117832,longliner,0.5758
117832,other,0.4177
117869,trawler,0.9998
117869,seiner,0.0002
117879,trawler,0.0413
117879,seiner,0.3463
117879,support,0.6125
117886,trawler,0.1241
117886,longliner,0.2061
117886,seiner,0.0583
117886,support,0.6116
117891,trawler,0.0177
117891,longliner,0.0005
117891,seiner,0.9818
117900,trawler,1.0
117950,trawler,0.7605
117950,longliner,0.0009
117950,seiner,0.003
117950,support,0.2356
118040,trawler,1.0
118073,trawler,1.0
118107,trawler,0.0972
118107,longliner,0.899
118107,seiner,0.0039
118116,longliner,0.0044
118116,seiner,0.7396
118116,support,0.256
118137,trawler,0.9541
118137,longliner,0.0248
118137,seiner,0.0197
118137,support,0.0014
118144,trawler,0.0179
118144,longliner,0.9821
118191,trawler,0.0773
118191,longliner,0.1505
118191,seiner,0.0151
118191,support,0.7571
118234,trawler,1.0
118273,trawler,0.0012
118273,longliner,0.0008
118273,seiner,0.9977
118273,support,0.0004
118308,trawler,0.7764
118308,longliner,0.0454
118308,seiner,0.1782
118322,longliner,0.0221
118322,seiner,0.9693
118322,other,0.0005
118322,support,0.0081
118349,longliner,0.001
118349,seiner,0.8908
118349,support,0.1083
118383,trawler,0.1395
118383,seiner,0.6594
118383,support,0.2011
118425,longliner,0.9796
118425,seiner,0.0168
118425,support,0.0035
118447,trawler,0.0038
118447,seiner,0.0697
118447,support,0.9265
118503,trawler,0.9536
118503,longliner,0.026
118503,seiner,0.0186
118503,support,0.0019
118507,trawler,0.0002
118507,longliner,0.7818
118507,other,0.218
118508,longliner,0.0053
118508,other,0.9943
118508,support,0.0004
118573,trawler,0.7403
118573,seiner,0.0223
118573,support,0.2374
118587,longliner,0.002
118587,seiner,0.7298
118587,support,0.2682
118589,trawler,0.963
118589,support,0.037
118610,longliner,0.191
118610,seiner,0.497
118610,other,0.0018
118610,support,0.3103
118649,trawler,0.9536
118649,longliner,0.0068
118649,seiner,0.0396
118700,trawler,0.5814
118700,longliner,0.1237
118700,seiner,0.2944
118700,support,0.0005
118709,trawler,0.981
118709,longliner,0.0107
118709,seiner,0.0059
118709,support,0.0024
118717,trawler,0.9433
118717,seiner,0.0567
118724,trawler,0.0303
118724,longliner,0.0035
118724,seiner,0.9653
118724,support,0.0008
118754,longliner,0.0258
118754,seiner,0.0201
118754,support,0.9542
118758,trawler,0.0177
118758,longliner,0.9359
118758,seiner,0.0458
118758,support,0.0006
118768,trawler,0.0727
118768,longliner,0.7456
118768,seiner,0.1646
118768,other,0.0171
118784,trawler,0.3386
118784,longliner,0.007
118784,seiner,0.0035
118784,support,0.651
118809,trawler,0.8154
118809,longliner,0.0009
118809,seiner,0.1837
118816,longliner,0.9579
118816,seiner,0.0
118816,support,0.042
118824,trawler,0.1142
118824,longliner,0.3107
118824,seiner,0.5751
118844,trawler,0.5124
118844,longliner,0.4482
118844,seiner,0.0394
118866,trawler,0.9895
118866,seiner,0.0094
118866,support,0.001
118885,trawler,0.532
118885,seiner,0.4637
118885,other,0.0043
118903,trawler,0.9993
118903,support,0.0007
118935,trawler,0.7046
118935,longliner,0.0003
118935,seiner,0.2951
118984,trawler,0.3942
118984,longliner,0.5553
118984,seiner,0.0505
118985,trawler,1.0
118985,support,0.0
119043,trawler,1.0
119045,trawler,0.9047
119045,longliner,0.0082
119045,seiner,0.0871
119051,trawler,0.1629
119051,longliner,0.1357
119051,seiner,0.1217
119051,support,0.5797
119072,trawler,0.6439
119072,seiner,0.323
119072,support,0.0331
119115,trawler,0.9856
119115,longliner,0.005
119115,seiner,0.0094
119226,trawler,0.4737
119226,seiner,0.5263
119233,trawler,0.156
119233,longliner,0.371
119233,seiner,0.4346
119233,support,0.0383
119244,longliner,0.0212
119244,seiner,0.4848
119244,support,0.494
119286,trawler,1.0
119295,trawler,1.0
119345,trawler,0.6735
119345,longliner,0.0039
119345,seiner,0.0001
119345,support,0.3225
119358,trawler,0.6169
119358,longliner,0.1382
119358,seiner,0.2449
119411,trawler,0.0207
119411,longliner,0.2202
119411,seiner,0.7526
119411,support,0.0065
119485,trawler,0.928
119485,seiner,0.0718
119485,other,0.0003
119509,trawler,1.0
119564,longliner,0.0121
119564,seiner,0.8692
119564,support,0.1187
119590,trawler,0.0883
119590,longliner,0.8859
119590,seiner,0.0258
119676,trawler,1.0
119797,trawler,0.3231
119797,longliner,0.6632
119797,seiner,0.0079
119797,support,0.0058
119825,trawler,0.1674
119825,longliner,0.2412
119825,seiner,0.5857
119825,other,0.0057
119874,longliner,0.2589
119874,seiner,0.5237
119874,support,0.2174
119905,trawler,0.0012
119905,longliner,0.0024
119905,seiner,0.9964
119907,trawler,0.6853
119907,seiner,0.0007
119907,support,0.314
119981,trawler,0.2876
119981,longliner,0.0008
119981,seiner,0.1056
119981,other,0.0005
119981,support,0.6056
120039,other,0.3626
120039,support,0.6374
120047,longliner,0.02
120047,other,0.5
120047,support,0.48
120097,trawler,0.0004
120097,longliner,0.2346
120097,other,0.7647
120097,support,0.0003
120143,trawler,0.2356
120143,seiner,0.7634
120143,support,0.001
120158,trawler,0.7219
120158,longliner,0.2092
120158,seiner,0.0689
120168,trawler,0.847
120168,longliner,0.153
120299,trawler,1.0
120305,trawler,0.4949
120305,longliner,0.3598
120305,seiner,0.1277
120305,other,0.0004
120305,support,0.0171
120317,trawler,1.0
120343,trawler,0.8091
120343,seiner,0.1902
120343,support,0.0007
120368,trawler,0.2188
120368,longliner,0.5305
120368,seiner,0.2488
120368,other,0.0018
120373,trawler,0.3764
120373,longliner,0.5665
120373,seiner,0.0489
120373,support,0.0082
120448,trawler,1.0
120487,trawler,0.8397
120487,longliner,0.0143
120487,seiner,0.146
120496,trawler,0.9689
120496,longliner,0.0009
120496,seiner,0.0002
120496,other,0.03
120500,trawler,0.1818
120500,longliner,0.1537
120500,seiner,0.6623
120500,support,0.0022
120521,trawler,0.9205
120521,longliner,0.0706
120521,seiner,0.0071
120521,support,0.0019
120526,longliner,0.0083
120526,seiner,0.9083
120526,support,0.0833
120537,seiner,0.5129
120537,support,0.4871
120564,trawler,0.0274
120564,longliner,0.9563
120564,seiner,0.0163
120572,trawler,0.0983
120572,longliner,0.2145
120572,seiner,0.189
120572,other,0.0299
120572,support,0.4683
120576,longliner,0.9298
120576,support,0.0702
120691,longliner,0.7482
120691,seiner,0.0728
120691,support,0.179
120707,trawler,0.9999
120707,support,0.0001
120815,trawler,0.1
120815,seiner,0.9
120819,trawler,0.9875
120819,seiner,0.0125
120825,trawler,0.9963
120825,longliner,0.0
120825,support,0.0037
120842,trawler,0.9472
120842,other,0.0528
120855,longliner,0.0045
120855,seiner,0.2193
120855,support,0.7762
120858,longliner,0.0228
120858,seiner,0.4997
120858,support,0.4775
120879,trawler,0.9909
120879,longliner,0.0086
120879,other,0.0006
120921,trawler,0.9051
120921,longliner,0.0681
120921,seiner,0.0268
120946,trawler,0.7071
120946,seiner,0.2929
121030,trawler,0.1988
121030,longliner,0.0025
121030,seiner,0.5027
121030,other,0.0806
121030,support,0.2153
121054,trawler,0.999
121054,longliner,0.0005
121054,other,0.0005
121074,trawler,0.0211
121074,longliner,0.008
121074,seiner,0.8665
121074,other,0.0139
121074,support,0.0906
121104,trawler,0.93
121104,seiner,0.07
121144,trawler,0.5475
121144,longliner,0.3098
121144,seiner,0.1426
121223,seiner,0.6248
121223,support,0.3752
121288,longliner,0.9362
121288,support,0.0638
121328,trawler,0.1205
121328,longliner,0.0009
121328,seiner,0.8759
121328,other,0.0022
121328,support,0.0004
121337,trawler,0.7013
121337,longliner,0.1056
121337,seiner,0.1138
121337,support,0.0792
121358,trawler,0.8537
121358,seiner,0.1463
121396,longliner,0.1953
121396,seiner,0.0101
121396,other,0.0029
121396,support,0.7917
121465,trawler,0.0449
121465,seiner,0.9551
121466,trawler,0.001
121466,longliner,0.7117
121466,seiner,0.1859
121466,support,0.1015
121488,trawler,1.0
121497,trawler,0.9992
121497,other,0.0003
121497,support,0.0006
121501,trawler,0.3555
121501,longliner,0.0114
121501,seiner,0.0373
121501,support,0.5958
121564,trawler,0.665
121564,longliner,0.0911
121564,seiner,0.2435
121564,support,0.0004
121577,trawler,0.9998
121577,seiner,0.0002
121596,trawler,0.0059
121596,longliner,0.0469
121596,seiner,0.8469
121596,support,0.1002
121598,trawler,0.9851
121598,seiner,0.0109
121598,support,0.004
121677,trawler,1.0
121730,trawler,0.7484
121730,longliner,0.0939
121730,seiner,0.0435
121730,support,0.1141
121760,trawler,1.0
121831,trawler,0.9256
121831,longliner,0.0068
121831,seiner,0.0537
121831,other,0.0139
121849,trawler,0.012
121849,seiner,0.9829
121849,support,0.0051
121875,trawler,1.0
121881,trawler,0.6571
121881,seiner,0.3429
121885,trawler,0.003
121885,seiner,0.4421
121885,other,0.0005
121885,support,0.5543
121936,trawler,0.9819
121936,longliner,0.0016
121936,seiner,0.0164
121946,trawler,0.1604
121946,longliner,0.3848
121946,other,0.0016
121946,support,0.4532
121966,trawler,1.0
122011,trawler,0.001
122011,longliner,0.001
122011,seiner,0.9976
122011,support,0.0003
122030,trawler,0.3006
122030,longliner,0.038
122030,seiner,0.4828
122030,other,0.0005
122030,support,0.178
122053,trawler,0.4232
122053,longliner,0.1019
122053,seiner,0.4749
122067,trawler,0.0146
122067,longliner,0.9854
122162,trawler,0.9593
122162,seiner,0.0407
122168,trawler,0.0001
122168,longliner,0.0003
122168,other,0.9996
122169,trawler,0.0458
122169,seiner,0.9542
122180,longliner,0.0021
122180,other,0.9979
122191,trawler,0.6576
122191,longliner,0.2704
122191,seiner,0.072
122256,trawler,0.6656
122256,seiner,0.3344
122328,trawler,0.997
122328,longliner,0.001
122328,seiner,0.002
122334,trawler,0.9993
122334,longliner,0.0003
122334,seiner,0.0003
122338,trawler,0.9815
122338,longliner,0.001
122338,seiner,0.0175
122350,trawler,0.9937
122350,other,0.0063
122356,trawler,1.0
122363,trawler,0.8568
122363,longliner,0.0297
122363,seiner,0.113
122363,other,0.0005
122389,trawler,0.2849
122389,longliner,0.3005
122389,seiner,0.3621
122389,other,0.0525
122420,trawler,0.0068
122420,longliner,0.9123
122420,seiner,0.009
122420,other,0.0319
122420,support,0.0399
122423,longliner,0.0016
122423,seiner,0.9318
122423,support,0.0666
122429,trawler,0.08
122429,longliner,0.92
122445,trawler,0.8778
122445,longliner,0.0787
122445,seiner,0.0423
122445,support,0.0013
122464,trawler,0.0154
122464,longliner,0.8452
122464,seiner,0.055
122464,other,0.0077
122464,support,0.0768
122506,longliner,0.006
122506,seiner,0.9346
122506,support,0.0594
122516,trawler,0.4219
122516,seiner,0.5781
122521,seiner,0.8
122521,other,0.2
122536,trawler,0.9766
122536,longliner,0.0106
122536,support,0.0128
122539,trawler,0.9763
122539,longliner,0.0194
122539,seiner,0.0044
122542,trawler,0.9879
122542,longliner,0.0121
122562,trawler,0.9839
122562,other,0.0161
122608,trawler,0.0869
122608,seiner,0.9131
122637,trawler,1.0
122648,trawler,0.0076
122648,longliner,0.8519
122648,seiner,0.0031
122648,other,0.0177
122648,support,0.1197
122699,trawler,0.8496
122699,longliner,0.1151
122699,seiner,0.0017
122699,other,0.0008
122699,support,0.0328
122703,longliner,0.6775
122703,seiner,0.0481
122703,other,0.0117
122703,support,0.2626
122708,trawler,0.0087
122708,longliner,0.0007
122708,seiner,0.2178
122708,support,0.7729
122712,trawler,0.9568
122712,seiner,0.0432
122745,trawler,0.9717
122745,support,0.0283
122797,trawler,0.639
122797,longliner,0.057
122797,seiner,0.304
122817,trawler,0.0008
122817,longliner,0.0031
122817,seiner,0.9922
122817,other,0.0019
122817,support,0.0019
122830,trawler,0.0475
122830,longliner,0.026
122830,seiner,0.9195
122830,support,0.007
122888,trawler,0.0008
122888,longliner,0.0004
122888,seiner,0.9965
122888,other,0.0019
122888,support,0.0004
122917,longliner,0.0014
122917,seiner,0.0143
122917,support,0.9842
122931,longliner,0.0058
122931,seiner,0.378
122931,support,0.6162
122943,trawler,1.0
123022,trawler,0.0333
123022,longliner,0.0061
123022,seiner,0.9606
123033,trawler,0.9992
123033,other,0.0006
123033,support,0.0001
123070,trawler,0.1495
123070,seiner,0.8505
123085,trawler,0.9031
123085,longliner,0.0026
123085,seiner,0.0943
123112,trawler,0.9977
123112,seiner,0.0015
123112,support,0.0008
123132,trawler,1.0
123136,trawler,0.9989
123136,longliner,0.0002
123136,other,0.0005
123136,support,0.0005
123233,longliner,0.189
123233,seiner,0.2229
123233,other,0.0746
123233,support,0.5136
123269,longliner,0.9978
123269,seiner,0.0004
123269,support,0.0018
123296,trawler,0.7875
123296,longliner,0.1043
123296,seiner,0.1082
123307,longliner,0.7561
123307,seiner,0.0569
123307,support,0.187
123310,trawler,0.9004
123310,seiner,0.0996
123318,trawler,0.9859
123318,longliner,0.0005
123318,seiner,0.0136
123335,trawler,0.9397
123335,longliner,0.0565
123335,seiner,0.0022
123335,support,0.0016
123371,trawler,0.1335
123371,seiner,0.8665
123373,trawler,0.9702
123373,support,0.0298
123433,trawler,0.715
123433,longliner,0.2642
123433,seiner,0.0173
123433,other,0.0009
123433,support,0.0026
123443,trawler,0.4959
123443,seiner,0.5041
123444,trawler,1.0
123447,trawler,0.0002
123447,longliner,0.0002
123447,seiner,0.9996
123462,trawler,0.9996
123462,other,0.0004
123485,longliner,0.0604
123485,seiner,0.9011
123485,other,0.0003
123485,support,0.0382
123492,trawler,0.9145
123492,longliner,0.0016
123492,seiner,0.0829
123492,other,0.0008
123492,support,0.0002
123539,trawler,0.1202
123539,longliner,0.0084
123539,seiner,0.8684
123539,other,0.0027
123539,support,0.0004
123584,trawler,0.9999
123584,support,0.0001
123668,trawler,0.0263
123668,longliner,0.9722
123668,seiner,0.0015
123674,trawler,0.0594
123674,seiner,0.9406
123712,trawler,0.0018
123712,longliner,0.0147
123712,seiner,0.9411
123712,other,0.001
123712,support,0.0414
123718,trawler,1.0
123719,trawler,0.8556
123719,longliner,0.0036
123719,seiner,0.0018
123719,other,0.139
123746,trawler,1.0
123750,trawler,1.0
123755,trawler,0.9131
123755,longliner,0.0004
123755,seiner,0.0791
123755,other,0.0074
123763,trawler,0.9914
123763,longliner,0.0086
123771,trawler,0.8824
123771,longliner,0.1176
123793,longliner,0.008
123793,seiner,0.8819
123793,support,0.1102
123802,trawler,0.767
123802,longliner,0.0003
123802,seiner,0.1924
123802,support,0.0402
123845,trawler,0.0004
123845,longliner,0.0043
123845,seiner,0.9929
123845,other,0.0021
123845,support,0.0004
123921,trawler,0.873
123921,seiner,0.1264
123921,support,0.0006
123924,trawler,0.6305
123924,longliner,0.0009
123924,seiner,0.3686
123935,longliner,0.5884
123935,seiner,0.3287
123935,support,0.0828
123942,trawler,0.1924
123942,seiner,0.8028
123942,support,0.0048
123953,trawler,0.9947
123953,other,0.0045
123953,support,0.0007
123961,trawler,0.1725
123961,longliner,0.092
123961,seiner,0.0101
123961,support,0.7254
123963,trawler,1.0
124008,trawler,1.0
124018,longliner,1.0
124022,trawler,0.8737
124022,seiner,0.1263
124049,trawler,0.0061
124049,longliner,0.0009
124049,seiner,0.9931
124067,trawler,0.0393
124067,longliner,0.017
124067,seiner,0.9429
124067,support,0.0008
124135,trawler,0.2075
124135,seiner,0.7925
124176,trawler,0.0018
124176,longliner,0.0961
124176,seiner,0.0495
124176,other,0.0032
124176,support,0.8494
124192,trawler,0.6464
124192,longliner,0.3536
124199,trawler,0.0185
124199,longliner,0.0431
124199,seiner,0.9382
124199,support,0.0003
124203,longliner,0.0001
124203,seiner,0.9047
124203,support,0.0952
124229,trawler,1.0
124262,trawler,0.0011
124262,longliner,0.0005
124262,seiner,0.9962
124262,other,0.0016
124262,support,0.0005
124383,trawler,0.9999
124383,seiner,0.0001
124431,seiner,0.3775
124431,support,0.6225
124479,trawler,0.0003
124479,longliner,0.0125
124479,seiner,0.8977
124479,support,0.0895
124481,trawler,0.0126
124481,longliner,0.9604
124481,other,0.0007
124481,support,0.0263
124509,trawler,0.0052
124509,longliner,0.9309
124509,seiner,0.0639
124514,trawler,0.1591
124514,seiner,0.8409
124524,trawler,0.956
124524,longliner,0.0144
124524,seiner,0.0296
124538,seiner,0.9991
124538,other,0.0009
124576,longliner,0.0536
124576,seiner,0.5592
124576,support,0.3873
124656,trawler,0.2755
124656,longliner,0.3705
124656,seiner,0.2815
124656,other,0.0724
124687,longliner,1.0
124719,longliner,0.0006
124719,seiner,0.0021
124719,other,0.0273
124719,support,0.9701
124745,longliner,0.0005
124745,seiner,0.8744
124745,other,0.0005
124745,support,0.1246
124762,trawler,0.0172
124762,longliner,0.0003
124762,seiner,0.9819
124762,support,0.0006
124767,trawler,0.9882
124767,seiner,0.0095
124767,support,0.0022
124768,other,0.426
124768,support,0.574
124777,trawler,0.7332
124777,longliner,0.0028
124777,seiner,0.2641
124792,trawler,0.152
124792,longliner,0.0463
124792,seiner,0.7974
124792,other,0.0043
124861,trawler,0.9609
124861,other,0.0391
124874,trawler,0.0013
124874,longliner,0.0009
124874,other,0.6302
124874,support,0.3676
124891,trawler,0.9991
124891,longliner,0.0002
124891,other,0.0008
124927,trawler,1.0
124968,trawler,0.8973
124968,other,0.1027
124994,trawler,0.8043
124994,seiner,0.1957
125017,trawler,0.9881
125017,support,0.0119
125109,trawler,0.9998
125109,seiner,0.0002
125143,trawler,0.5245
125143,longliner,0.1974
125143,seiner,0.2779
125143,support,0.0003
125190,trawler,0.9418
125190,longliner,0.001
125190,seiner,0.0571
125213,trawler,1.0
125246,trawler,0.026
125246,longliner,0.0058
125246,seiner,0.9682
125278,trawler,0.0877
125278,seiner,0.9123
125285,trawler,0.9976
125285,support,0.0024
125292,longliner,0.4938
125292,seiner,0.0443
125292,other,0.0023
125292,support,0.4595
125313,trawler,0.9101
125313,longliner,0.002
125313,seiner,0.0837
125313,other,0.004
125313,support,0.0002
125349,trawler,0.0001
125349,longliner,0.161
125349,seiner,0.0231
125349,other,0.0116
125349,support,0.8042
125350,trawler,0.9932
125350,longliner,0.0001
125350,seiner,0.004
125350,support,0.0027
125381,trawler,0.7228
125381,seiner,0.2772
125422,trawler,0.1584
125422,longliner,0.8416
125428,longliner,0.7318
125428,seiner,0.0816
125428,other,0.0533
125428,support,0.1333
125438,trawler,0.2798
125438,seiner,0.7031
125438,support,0.0171
125448,trawler,0.999
125448,other,0.0003
125448,support,0.0007
125472,trawler,0.6773
125472,longliner,0.2815
125472,seiner,0.0363
125472,other,0.002
125472,support,0.0029
125607,trawler,1.0
125674,trawler,0.9968
125674,other,0.0028
125674,support,0.0004
125685,longliner,0.0034
125685,other,0.9966
125808,trawler,0.074
125808,longliner,0.9148
125808,seiner,0.0112
125833,trawler,0.0019
125833,longliner,0.0185
125833,seiner,0.8758
125833,other,0.1038
125849,longliner,0.0201
125849,seiner,0.1842
125849,other,0.0017
125849,support,0.794
125887,trawler,0.1615
125887,seiner,0.8385
125912,trawler,0.996
125912,seiner,0.004
125966,trawler,0.9364
125966,longliner,0.0395
125966,seiner,0.0186
125966,support,0.0054
125970,trawler,1.0
125975,longliner,0.911
125975,seiner,0.089
126006,trawler,0.1153
126006,seiner,0.8847
126032,trawler,1.0
126093,trawler,0.7675
126093,seiner,0.2323
126093,support,0.0002
126098,trawler,1.0
126207,longliner,0.9998
126207,seiner,0.0001
126207,support,0.0001
126245,trawler,0.6491
126245,seiner,0.3509
126249,trawler,0.9474
126249,seiner,0.0524
126249,other,0.0002
126346,trawler,0.0028
126346,longliner,0.2587
126346,other,0.5505
126346,support,0.1881
126359,trawler,0.9878
126359,seiner,0.0058
126359,support,0.0064
126398,trawler,0.9547
126398,seiner,0.0453
126402,trawler,1.0
126434,trawler,0.0323
126434,seiner,0.9677
126474,trawler,0.3884
126474,longliner,0.3734
126474,seiner,0.2382
126519,support,1.0
126602,trawler,0.994
126602,longliner,0.0022
126602,seiner,0.0038
126659,trawler,0.1511
126659,longliner,0.6316
126659,seiner,0.1834
126659,other,0.034
126686,trawler,1.0
126702,trawler,0.0146
126702,longliner,0.0088
126702,seiner,0.6327
126702,other,0.0137
126702,support,0.3302
126716,longliner,0.0003
126716,seiner,0.4354
126716,support,0.5643
126719,trawler,0.0783
126719,seiner,0.9217
126724,trawler,0.2437
126724,longliner,0.5603
126724,seiner,0.196
126730,trawler,0.9732
126730,support,0.0268
126739,trawler,0.1445
126739,longliner,0.0472
126739,seiner,0.7828
126739,other,0.0255
126745,trawler,0.1667
126745,longliner,0.3542
126745,seiner,0.3552
126745,other,0.124
126757,longliner,0.0033
126757,other,0.9963
126757,support,0.0004
126778,longliner,0.0018
126778,seiner,0.9942
126778,other,0.0027
126778,support,0.0013
126886,trawler,0.2856
126886,seiner,0.5988
126886,support,0.1156
126977,trawler,0.6831
126977,longliner,0.0402
126977,seiner,0.2767
127007,trawler,0.7719
127007,seiner,0.2281
127087,seiner,0.9457
127087,support,0.0543
127166,trawler,0.0049
127166,longliner,0.0007
127166,seiner,0.993
127166,other,0.0014
127173,trawler,0.7074
127173,longliner,0.2174
127173,seiner,0.0716
127173,support,0.0036
127202,longliner,0.0017
127202,other,0.9956
127202,support,0.0027
127211,longliner,0.9649
127211,support,0.0351
127246,trawler,0.9358
127246,longliner,0.0344
127246,seiner,0.0292
127246,other,0.0005
127272,trawler,0.9998
127272,support,0.0002
127283,longliner,0.0102
127283,seiner,0.2667
127283,support,0.7231
127333,trawler,0.0001
127333,longliner,0.0262
127333,seiner,0.773
127333,support,0.2007
127341,trawler,0.9997
127341,support,0.0003
127343,trawler,0.3532
127343,longliner,0.1104
127343,seiner,0.0101
127343,support,0.5263
127349,trawler,1.0
127428,trawler,0.3013
127428,longliner,0.4833
127428,seiner,0.0009
127428,support,0.2145
127441,trawler,0.0067
127441,longliner,0.0198
127441,seiner,0.7165
127441,other,0.0051
127441,support,0.2519
127471,longliner,0.8736
127471,support,0.1264
127507,trawler,0.9875
127507,seiner,0.0125
127521,longliner,0.2979
127521,seiner,0.0177
127521,other,0.1418
127521,support,0.5426
127522,trawler,0.9235
127522,support,0.0765
127533,trawler,0.5714
127533,seiner,0.4286
127561,trawler,0.7583
127561,longliner,0.2404
127561,support,0.0013
127564,trawler,0.9652
127564,seiner,0.0265
127564,support,0.0083
127569,longliner,1.0
127588,trawler,0.5857
127588,longliner,0.008
127588,seiner,0.406
127588,other,0.0003
127600,trawler,0.7227
127600,longliner,0.0385
127600,seiner,0.2388
127635,trawler,0.5158
127635,seiner,0.0002
127635,support,0.484
127646,trawler,0.9359
127646,longliner,0.0002
127646,other,0.0639
127690,support,1.0
127711,trawler,1.0
127741,trawler,0.6664
127741,longliner,0.0155
127741,seiner,0.0002
127741,support,0.3179
127747,trawler,0.0607
127747,longliner,0.1287
127747,seiner,0.8107
127748,trawler,0.5649
127748,seiner,0.4299
127748,support,0.0053
127759,trawler,0.9919
127759,support,0.0081
127783,trawler,0.9249
127783,longliner,0.0721
127783,other,0.003
127801,trawler,0.0011
127801,longliner,0.0073
127801,seiner,0.4555
127801,support,0.5361
127849,trawler,0.9063
127849,support,0.0937
127851,trawler,0.6376
127851,longliner,0.1851
127851,seiner,0.1702
127851,other,0.0071
127869,trawler,0.0228
127869,longliner,0.0248
127869,seiner,0.9523
127869,support,0.0001
127881,trawler,0.8388
127881,seiner,0.1612
127912,trawler,0.4454
127912,longliner,0.026
127912,seiner,0.1696
127912,other,0.0079
127912,support,0.3511
127948,trawler,0.0745
127948,seiner,0.9255
127975,trawler,0.1345
127975,longliner,0.0558
127975,seiner,0.8092
127975,other,0.0005
127991,seiner,0.0266
127991,support,0.9734
128037,trawler,0.9982
128037,seiner,0.0018
128045,trawler,0.0279
128045,longliner,0.01
128045,seiner,0.0501
128045,support,0.912
128047,trawler,0.884
128047,seiner,0.116
128057,trawler,0.0003
128057,longliner,0.3438
128057,seiner,0.2022
128057,other,0.004
128057,support,0.4497
128065,trawler,0.7915
128065,seiner,0.2085
128095,trawler,0.0067
128095,longliner,0.777
128095,seiner,0.0101
128095,other,0.0003
128095,support,0.2059
128113,trawler,0.194
128113,longliner,0.0595
128113,seiner,0.7464
128119,trawler,0.0555
128119,seiner,0.9445
128141,trawler,0.9984
128141,other,0.0016
128236,trawler,1.0
128246,trawler,0.9998
128246,support,0.0002
128259,trawler,0.4483
128259,seiner,0.5517
128265,trawler,0.123
128265,longliner,0.8555
128265,seiner,0.0196
128265,support,0.002
128286,trawler,0.852
128286,longliner,0.0142
128286,seiner,0.1236
128286,support,0.0103
128290,trawler,0.753
128290,longliner,0.0004
128290,seiner,0.2462
128290,support,0.0004
128304,trawler,0.8933
128304,longliner,0.0003
128304,seiner,0.1052
128304,support,0.0012
128348,trawler,0.0361
128348,seiner,0.9631
128348,support,0.0008
128389,longliner,0.0003
128389,support,0.9997
128424,longliner,0.0006
128424,seiner,0.9961
128424,other,0.001
128424,support,0.0023
128437,trawler,0.7247
128437,seiner,0.0027
128437,support,0.2726
128450,longliner,0.017
128450,seiner,0.8979
128450,other,0.0003
128450,support,0.0848
128457,trawler,1.0
128459,trawler,0.3375
128459,longliner,0.3003
128459,seiner,0.231
128459,other,0.1312
128500,trawler,0.1425
128500,longliner,0.0145
128500,seiner,0.5966
128500,other,0.1208
128500,support,0.1256
128531,trawler,0.4301
128531,seiner,0.5669
128531,support,0.003
128570,trawler,0.0027
128570,longliner,0.7532
128570,other,0.2441
128712,trawler,0.7173
128712,longliner,0.0042
128712,seiner,0.2775
128712,other,0.0003
128712,support,0.0006
128762,trawler,0.3326
128762,longliner,0.0328
128762,seiner,0.6317
128762,support,0.0029
128857,trawler,0.9732
128857,seiner,0.0268
128888,trawler,0.9992
128888,support,0.0008
128997,trawler,0.5871
128997,longliner,0.1516
128997,seiner,0.2596
128997,other,0.0017
129002,trawler,1.0
129020,longliner,0.3564
129020,seiner,0.2927
129020,support,0.3509
129024,trawler,1.0
129042,trawler,0.2584
129042,longliner,0.2576
129042,seiner,0.4839
129051,trawler,0.9991
129051,seiner,0.0009
129052,trawler,0.9707
129052,seiner,0.0293
129054,trawler,1.0
129057,seiner,1.0
129077,trawler,0.0397
129077,longliner,0.7477
129077,seiner,0.1266
129077,other,0.0315
129077,support,0.0546
129088,seiner,0.9986
129088,other,0.0014
129164,longliner,0.0023
129164,seiner,0.8318
129164,support,0.1659
129186,trawler,0.6944
129186,longliner,0.0014
129186,seiner,0.3042
129191,trawler,0.0067
129191,longliner,0.8753
129191,support,0.118
129227,trawler,0.0685
129227,longliner,0.9259
129227,seiner,0.0006
129227,other,0.0029
129227,support,0.002
129359,trawler,0.465
129359,longliner,0.2382
129359,seiner,0.0711
129359,other,0.0264
129359,support,0.1993
129365,longliner,0.0051
129365,seiner,0.0009
129365,support,0.9939
129393,trawler,0.9998
129393,support,0.0002
129397,longliner,0.1326
129397,seiner,0.0262
129397,support,0.8412
129402,trawler,0.6657
129402,longliner,0.2625
129402,seiner,0.0629
129402,other,0.0088
129409,trawler,0.8425
129409,longliner,0.0179
129409,seiner,0.0226
129409,other,0.1171
129439,longliner,0.4928
129439,seiner,0.0785
129439,other,0.0002
129439,support,0.4285
129467,trawler,0.6243
129467,longliner,0.3047
129467,seiner,0.0706
129467,support,0.0004
129486,trawler,0.9998
129486,other,0.0002
129489,trawler,0.0456
129489,longliner,0.0002
129489,seiner,0.9542
129503,trawler,0.0102
129503,longliner,0.9791
129503,seiner,0.0106
129516,seiner,0.5161
129516,support,0.4839
129519,trawler,0.7232
129519,longliner,0.0023
129519,seiner,0.2745
129594,trawler,0.0042
129594,longliner,0.775
129594,seiner,0.0055
129594,other,0.0007
129594,support,0.2145
129596,trawler,0.9922
129596,longliner,0.0078
129597,longliner,0.0027
129597,seiner,0.0292
129597,other,0.0261
129597,support,0.942
129664,trawler,0.0128
129664,longliner,0.0007
129664,seiner,0.9859
129664,support,0.0007
129673,trawler,0.0587
129673,longliner,0.2151
129673,seiner,0.726
129673,support,0.0002
129678,longliner,0.9633
129678,seiner,0.0101
129678,support,0.0266
129696,trawler,0.8233
129696,longliner,0.0446
129696,seiner,0.1065
129696,support,0.0256
129712,trawler,0.1539
129712,longliner,0.0057
129712,seiner,0.7151
129712,other,0.0029
129712,support,0.1224
129715,trawler,0.0473
129715,longliner,0.0832
129715,seiner,0.0107
129715,support,0.8588
129749,trawler,0.2034
129749,longliner,0.0182
129749,seiner,0.0619
129749,support,0.7165
129797,support,1.0
129817,trawler,1.0
129831,trawler,0.0804
129831,longliner,0.8121
129831,seiner,0.0137
129831,support,0.0938
129845,trawler,0.9948
129845,seiner,0.0052
129859,trawler,0.0717
129859,longliner,0.9112
129859,seiner,0.0002
129859,support,0.0169
129875,trawler,0.9911
129875,seiner,0.0089
129923,trawler,0.2883
129923,longliner,0.6306
129923,support,0.0811
129929,trawler,0.9525
129929,longliner,0.0192
129929,seiner,0.0283
129941,trawler,0.9465
129941,seiner,0.0535
129950,trawler,0.9998
129950,other,0.0001
129950,support,0.0001
129992,trawler,0.0003
129992,longliner,0.0003
129992,seiner,0.9888
129992,other,0.0103
129992,support,0.0003
130024,trawler,0.998
130024,seiner,0.002
130056,trawler,0.8979
130056,longliner,0.0224
130056,seiner,0.0488
130056,support,0.0309
130073,trawler,0.8384
130073,longliner,0.1599
130073,support,0.0017
130108,trawler,0.9762
130108,seiner,0.0238
130182,trawler,1.0
130215,longliner,0.0088
130215,support,0.9912
130217,trawler,0.8737
130217,seiner,0.1263
130271,trawler,1.0
130291,longliner,0.0052
130291,seiner,0.8929
130291,support,0.1019
130314,trawler,0.0008
130314,seiner,0.9903
130314,other,0.0004
130314,support,0.0085
130339,trawler,0.001
130339,longliner,0.0005
130339,seiner,0.998
130339,other,0.0005
130380,trawler,0.298
130380,longliner,0.2457
130380,seiner,0.091
130380,support,0.3653
130402,trawler,1.0
130481,longliner,0.0935
130481,seiner,0.7045
130481,support,0.202
130492,trawler,0.0006
130492,longliner,0.009
130492,seiner,0.0805
130492,other,0.0096
130492,support,0.9002
130528,trawler,0.1445
130528,longliner,0.0874
130528,seiner,0.7681
130538,trawler,0.1422
130538,longliner,0.0178
130538,seiner,0.8395
130538,support,0.0005
130540,trawler,0.0553
130540,longliner,0.0001
130540,seiner,0.0937
130540,other,0.005
130540,support,0.8459
130547,trawler,0.4263
130547,longliner,0.1076
130547,seiner,0.4579
130547,other,0.0081
130604,trawler,0.7755
130604,longliner,0.0061
130604,seiner,0.2184
130605,trawler,1.0
130619,trawler,0.0789
130619,longliner,0.8363
130619,seiner,0.0848
130666,trawler,0.0253
130666,longliner,0.0042
130666,seiner,0.9704
130673,trawler,0.1261
130673,longliner,0.4053
130673,seiner,0.0272
130673,support,0.4413
130698,trawler,0.0924
130698,longliner,0.0075
130698,seiner,0.9001
130716,longliner,0.0482
130716,seiner,0.0214
130716,other,0.0017
130716,support,0.9286
130758,trawler,0.0046
130758,longliner,0.0032
130758,seiner,0.9913
130758,other,0.0009
130765,trawler,0.4768
130765,longliner,0.0471
130765,seiner,0.4398
130765,other,0.0362
130818,trawler,0.999
130818,longliner,0.001
130837,longliner,0.1808
130837,other,0.8189
130837,support,0.0003
130842,longliner,0.1564
130842,seiner,0.047
130842,support,0.7966
130861,longliner,0.9537
130861,seiner,0.0007
130861,support,0.0457
130904,trawler,0.0013
130904,other,0.2451
130904,support,0.7536
130911,trawler,0.153
130911,seiner,0.847
130961,trawler,0.0661
130961,longliner,0.0043
130961,seiner,0.9245
130961,other,0.0052
131046,trawler,0.9125
131046,longliner,0.0395
131046,seiner,0.048
131057,trawler,0.8833
131057,seiner,0.1156
131057,other,0.0007
131057,support,0.0004
131132,trawler,0.9999
131132,other,0.0001
131147,trawler,1.0
131201,trawler,0.0959
131201,longliner,0.0004
131201,seiner,0.9037
131218,longliner,0.9818
131218,seiner,0.0099
131218,support,0.0083
131236,trawler,0.7129
131236,longliner,0.2871
131245,trawler,0.9998
131245,seiner,0.0002
131269,trawler,0.1179
131269,seiner,0.8809
131269,support,0.0012
131288,trawler,0.9992
131288,seiner,0.0008
131290,trawler,0.515
131290,longliner,0.0125
131290,other,0.4725
131336,trawler,0.5195
131336,longliner,0.0275
131336,seiner,0.4528
131336,support,0.0003
131341,trawler,0.5993
131341,longliner,0.0411
131341,other,0.3596
131379,trawler,0.0525
131379,longliner,0.9352
131379,support,0.0123
131434,trawler,0.8368
131434,longliner,0.1119
131434,seiner,0.0376
131434,support,0.0137
131495,trawler,0.9966
131495,seiner,0.0034
131498,trawler,0.1865
131498,seiner,0.8135
131503,trawler,0.0616
131503,longliner,0.9384
131535,trawler,0.9994
131535,support,0.0006
131544,trawler,1.0
131545,trawler,0.2885
131545,longliner,0.7115
131554,trawler,0.927
131554,longliner,0.0004
131554,seiner,0.0665
131554,other,0.006
131555,trawler,0.5583
131555,longliner,0.4417
131594,longliner,0.1551
131594,other,0.4309
131594,support,0.414
131601,trawler,0.6253
131601,longliner,0.3747
131604,trawler,1.0
131616,trawler,0.98
131616,longliner,0.0047
131616,seiner,0.0151
131616,other,0.0002
131632,trawler,1.0
131772,trawler,0.9979
131772,longliner,0.0001
131772,support,0.002
131785,longliner,0.9838
131785,seiner,0.0045
131785,support,0.0117
131864,trawler,0.956
131864,longliner,0.0304
131864,seiner,0.0136
131869,trawler,0.0713
131869,longliner,0.1842
131869,seiner,0.7444
131874,trawler,0.0046
131874,longliner,0.9772
131874,other,0.0182
131902,trawler,0.1411
131902,longliner,0.001
131902,seiner,0.0486
131902,other,0.0013
131902,support,0.8081
132037,trawler,0.0231
132037,longliner,0.0179
132037,seiner,0.9591
132061,trawler,0.0704
132061,longliner,0.8873
132061,seiner,0.0423
132076,longliner,0.0028
132076,seiner,0.9936
132076,other,0.0028
132076,support,0.0008
132085,trawler,1.0
132111,longliner,0.4712
132111,seiner,0.0048
132111,other,0.0001
132111,support,0.5238
132131,seiner,0.9986
132131,support,0.0014
132135,other,0.8037
132135,support,0.1963
132143,trawler,0.9987
132143,support,0.0013
132171,seiner,0.9846
132171,other,0.0154
132186,trawler,0.0543
132186,longliner,0.9451
132186,seiner,0.0002
132186,support,0.0003
132249,trawler,0.0032
132249,longliner,0.9589
132249,seiner,0.0031
132249,other,0.0011
132249,support,0.0337
132278,trawler,0.0
132278,longliner,0.9128
132278,seiner,0.0772
132278,support,0.01
132286,trawler,0.1733
132286,longliner,0.0764
132286,seiner,0.7481
132286,other,0.0022
132365,longliner,0.9998
132365,support,0.0002
132380,trawler,0.9563
132380,longliner,0.0193
132380,seiner,0.0199
132380,support,0.0045
132385,trawler,0.0009
132385,longliner,0.0004
132385,seiner,0.9884
132385,other,0.0026
132385,support,0.0077
132398,trawler,1.0
132421,trawler,0.312
132421,seiner,0.688
132428,trawler,0.1063
132428,longliner,0.0031
132428,seiner,0.8778
132428,other,0.0128
132442,trawler,0.1316
132442,longliner,0.7905
132442,seiner,0.0728
132442,support,0.0052
132457,longliner,0.9757
132457,seiner,0.0242
132457,support,0.0002
132479,trawler,0.9999
132479,support,0.0001
132536,trawler,0.1661
132536,longliner,0.8075
132536,seiner,0.0261
132536,support,0.0003
132540,trawler,0.9674
132540,longliner,0.0036
132540,seiner,0.0072
132540,support,0.0217
132553,trawler,0.0186
132553,longliner,0.9589
132553,seiner,0.0225
132582,trawler,1.0
132635,longliner,0.0053
132635,seiner,0.8768
132635,support,0.1179
132645,trawler,1.0
132652,longliner,0.0005
132652,seiner,0.0414
132652,other,0.0143
132652,support,0.9439
132663,trawler,0.0394
132663,longliner,0.9456
132663,seiner,0.0124
132663,other,0.0026
132681,trawler,1.0
